Mean_A,Radius_A,Mean_B,Radius_B,overlap,r,r_wuchs,t,t_wuchs,SGC,SSGC,p,p_GLK
068_Q1,C,1DH_Q1,C,192,0.60144688,0.60534398,10.40434118,10.48300049,0.71727749,0.04188482,0.0000000019,NULL
068_Q1,C,ELT_Q1,C,144,0.69443744,0.71956472,11.54086348,12.34776767,0.72027972,0.06293706,0.0000001377,NULL
068_Q1,C,ELT_Q1,M,144,0.33501477,0.72744005,4.25189904,12.63306903,0.71328671,0.03496503,0.0000003377,NULL
068_Q1,C,HOL_MBRU,H,100,0.61454194,0.68156732,7.75096718,9.22052924,0.72727273,0.04040404,0.0000061064,NULL
068_Q1,C,HOL_MRBR,H,128,0.34176759,0.59430931,4.09830675,8.29495417,0.71653543,0.06299213,0.0000010584,NULL
068_Q1,C,HOL_TRRB,H,56,0.56828345,0.72854807,5.12194277,7.81570022,0.80000000,0.03636364,0.0000085983,NULL
068_Q1,C,HORB3_Q1,M,233,0.18825694,0.58269451,2.91964817,10.89736063,0.70258621,0.03879310,0.0000000007,NULL
068_Q1,C,LANG_Q1,C,80,0.60038118,0.52136787,6.67276650,5.39601957,0.77215190,0.03797468,0.0000013123,NULL
068_Q1,C,VFH_Q2,C,233,0.70638978,0.71416617,15.20070374,15.50679297,0.75431034,0.03879310,0.0000000000,NULL
068_Q1,C,VFH_Q2,M,233,0.37708002,0.73510746,6.20128650,16.48005911,0.74568966,0.06896552,0.0000000000,NULL
068_Q1,M,068_Q2,M,215,0.41856353,0.67146163,6.74206204,13.22421041,0.71962617,0.04205607,0.0000000001,NULL
068_Q1,M,1DH_Q1,C,192,0.24875145,0.55074369,3.54937978,9.09513671,0.71727749,0.03664921,0.0000000019,NULL
068_Q1,M,BECRAA,B,165,0.21661985,0.59097360,2.84155753,9.35308166,0.70731707,0.04878049,0.0000001097,NULL
068_Q1,M,BECRKO,B,142,0.83286202,0.65375092,17.86817318,10.22226112,0.73049645,0.04964539,0.0000000440,NULL
068_Q1,M,ELT_Q1,C,144,0.35404309,0.73202870,4.52695447,12.80414531,0.72027972,0.06993007,0.0000001377,NULL
068_Q1,M,ELT_Q1,M,144,0.80095974,0.76111487,15.99765194,13.98318096,0.74125874,0.05594406,0.0000000079,NULL
068_Q1,M,HOL_TMB12,H,79,0.60944149,0.71738444,6.78888845,9.03577727,0.73076923,0.05128205,0.0000457782,NULL
068_Q1,M,VFH_Q2,C,233,0.27029570,0.63679330,4.27619266,12.55251145,0.70689655,0.04741379,0.0000000003,NULL
068_Q1,M,VFH_Q2,M,233,0.75753800,0.67441923,17.67560181,13.88271660,0.70689655,0.06896552,0.0000000003,NULL
068_Q2,M,068_Q1,M,215,0.41856353,0.67146163,6.74206204,13.22421041,0.71962617,0.04205607,0.0000000001,NULL
068_Q2,M,ELT_Q1,C,144,0.42096206,0.70991487,5.54965798,12.01158900,0.71328671,0.08391608,0.0000003377,NULL
068_Q3,C,VDMLR_Q2,C,89,0.63586421,0.62464008,7.72859252,7.46082659,0.75000000,0.06818182,0.0000027265,NULL
068_Q3,C,VDMLR_Q2,M,89,0.37477352,0.56184878,3.79206674,6.33501379,0.71590909,0.05681818,0.0000510399,NULL
068_Q3,M,VDMLR_Q2,C,89,0.39240210,0.62791099,4.00204706,7.52521593,0.76136364,0.04545455,0.0000009409,NULL
068_Q3,M,VDMLR_Q2,M,89,0.57016309,0.59707438,6.51052790,6.94245458,0.71590909,0.03409091,0.0000510399,NULL
195_Q1,C,HOL_TRRB,H,227,0.48816692,0.66682143,8.40877175,13.42201548,0.72123894,0.06637168,0.0000000000,NULL
195_Q1,C,VALK_Q2,C,152,0.54021587,0.58867499,7.88838372,8.91889667,0.72847682,0.04635762,0.0000000196,NULL
195_Q1,C,VALK_Q2,M,152,0.24217378,0.58238124,3.06718240,8.77419829,0.70860927,0.07284768,0.0000002946,NULL
195_Q1,M,FLEV1_Q1,C,80,0.46761493,0.56527424,4.70200326,6.05206502,0.73417722,0.03797468,0.0000314334,NULL
195_Q1,M,HOL_LKSB,H,103,0.47894704,0.61410161,5.51023767,7.81986050,0.70588235,0.04901961,0.0000320176,NULL
195_Q1,M,HOL_MRBR,H,137,0.20416377,0.67147353,2.43216760,10.52836301,0.71323529,0.06617647,0.0000006577,NULL
195_Q1,M,HOL_TRRB,H,227,-0.01039256,0.65756644,-0.15624286,13.09203822,0.76548673,0.03982301,0.0000000000,NULL
195_Q1,M,MAP_Q1,C,121,0.49693208,0.56842523,6.27297120,7.53679833,0.71666667,0.02500000,0.0000020653,NULL
195_Q1,M,MAP_Q1,M,121,0.66434758,0.62074313,9.73686333,8.63697329,0.70000000,0.06666667,0.0000117713,NULL
195_Q1,M,VALK_Q2,C,152,0.46014756,0.57984692,6.36868386,8.71661168,0.70198675,0.05960265,0.0000006902,NULL
195_Q1,M,VALK_Q2,M,152,0.15119577,0.58859849,1.87953216,8.91712306,0.70198675,0.07284768,0.0000006902,NULL
195_Q1,M,VFH_Q2,M,169,0.16942065,0.59790842,2.22815316,9.63949930,0.70238095,0.04166667,0.0000001552,NULL
1AH_Q1,C,CUY_Q1,C,83,0.57722358,0.65532797,6.40101701,7.80829422,0.71951220,0.06097561,0.0000702212,NULL
1AH_Q1,C,CUY_Q1,M,83,0.27049755,0.55832506,2.54430967,6.05688358,0.71951220,0.04878049,0.0000702212,NULL
1AH_Q1,C,GENP_Q1,C,80,0.54583729,0.61233354,5.79014069,6.84035735,0.74683544,0.03797468,0.0000114480,NULL
1DH_Q1,C,068_Q1,C,192,0.60144688,0.60534398,10.40434118,10.48300049,0.71727749,0.04188482,0.0000000019,NULL
1DH_Q1,C,068_Q1,M,192,0.24875145,0.55074369,3.54937978,9.09513671,0.71727749,0.03664921,0.0000000019,NULL
1DH_Q1,C,HOL_PALZ,H,72,0.25305679,0.52796474,2.20403257,5.20127786,0.74647887,0.02816901,0.0000327091,NULL
1GDGem,M,VRW_Q1,C,167,0.31385879,0.54951644,4.25899604,8.44860666,0.70481928,0.04216867,0.0000001307,NULL
1TN_Q1,C,HOL_MRBR,H,138,0.28446823,0.61018063,3.47310493,8.98170668,0.71532847,0.05839416,0.0000004638,NULL
1TN_Q1,C,HOL_TMB11,H,95,0.51969141,0.57315374,5.89754929,6.74514493,0.71276596,0.03191489,0.0000369633,NULL
1TN_Q1,C,HOL_TRRB,H,111,0.49828446,0.62158785,6.02764652,8.28443674,0.73636364,0.05454545,0.0000007122,NULL
1TN_Q1,C,SILL_Q2,M,159,0.39246405,0.55734511,5.36352656,8.41102559,0.72151899,0.01265823,0.0000000256,NULL
1TN_Q1,C,VALK_Q2,C,207,0.55043574,0.61478135,9.46275217,11.16058870,0.72330097,0.05825243,0.0000000001,NULL
1TN_Q1,C,VALK_Q2,M,207,0.34013543,0.62454454,5.19139088,11.44973195,0.73300971,0.05825243,0.0000000000,NULL
1TN_Q1,C,VDM2W_Q1,C,255,0.57100345,0.57080970,11.08511283,11.05770173,0.70472441,0.06299213,0.0000000001,NULL
1TN_Q1,C,VEN_Q1,C,180,0.69472040,0.72285040,12.92226523,13.95653204,0.75418994,0.06145251,0.0000000000,NULL
1TN_Q1,C,VEN_Q1,M,180,0.43423744,0.71374562,6.44950158,13.59578245,0.75418994,0.04469274,0.0000000000,NULL
1TN_Q1,C,VNW_Q1,C,227,0.62363921,0.64119182,11.99335486,12.53338546,0.72566372,0.04867257,0.0000000000,NULL
1TN_Q1,C,VNW_Q1,M,227,0.40671989,0.63199271,6.69292454,12.23252221,0.70353982,0.05309735,0.0000000009,NULL
202_Q1,C,HOL_KORB,H,188,0.49775318,0.72328817,7.84794820,14.28482818,0.74331551,0.01604278,0.0000000000,NULL
202_Q1,C,HOL_MB253,H,150,0.39793443,0.66066125,5.29467561,10.70662131,0.75167785,0.03355705,0.0000000008,NULL
202_Q1,C,HOL_TATE,H,183,0.31465480,0.66169771,4.47207938,11.87327269,0.73626374,0.02197802,0.0000000002,NULL
202_Q1,C,HOL_TMB12,H,142,0.31242277,0.68373816,3.90530184,11.08646689,0.70921986,0.07092199,0.0000006740,NULL
202_Q1,C,HOL_TRMB32,H,133,0.42921417,0.55964550,5.45978783,7.72919916,0.73484848,0.03030303,0.0000000680,NULL
202_Q1,C,METZ_Q3,C,75,0.59959361,0.68050625,6.44491999,7.93491536,0.74324324,0.04054054,0.0000285273,NULL
202_Q1,C,METZ_Q3,M,75,0.25932079,0.61650022,2.30977633,6.68997080,0.72972973,0.04054054,0.0000773649,NULL
202_Q1,C,STF_Q1,M,93,0.15059548,0.52833275,1.46112456,5.93610276,0.71739130,0.02173913,0.0000304215,NULL
202_Q1,C,VFH_Q2,C,101,0.57800626,0.62868280,7.08312938,8.04374671,0.71000000,0.04000000,0.0000266915,NULL
202_Q1,M,HOL_KORB,H,188,0.34731964,0.73786133,5.06482621,14.90932975,0.75401070,0.02673797,0.0000000000,NULL
202_Q1,M,HOL_MB253,H,150,0.23982210,0.57744707,3.01540073,8.60448904,0.70469799,0.03355705,0.0000005813,NULL
202_Q1,M,HOL_TATE,H,183,0.25902918,0.60971415,3.61797811,10.34903313,0.70879121,0.02197802,0.0000000177,NULL
202_Q1,M,HOL_TMB12,H,142,0.39359441,0.56183837,5.08403678,8.03600489,0.70212766,0.06382979,0.0000015846,NULL
202_Q1,M,HOL_TRMB32,H,133,0.45697469,0.57705577,5.90259620,8.08701703,0.74242424,0.03030303,0.0000000254,NULL
202_Q1,M,STF_Q1,M,93,0.42561765,0.54443959,4.51140140,6.19172899,0.71739130,0.07608696,0.0000304215,NULL
388_Q1,M,600_Q1,C,66,0.32084707,0.63896528,2.73114463,6.64519730,0.76923077,0.01538462,0.0000141697,NULL
388_Q1,M,600_Q1,M,66,0.72682281,0.62655762,8.53176967,6.43138446,0.75384615,0.00000000,0.0000425559,NULL
388_Q1,M,MEK_Q1,C,99,0.24807902,0.50735622,2.53510489,5.79861673,0.70408163,0.04081633,0.0000533123,NULL
563_Q1,C,587_Q1,C,309,0.69788247,0.65686668,17.10077792,15.26409969,0.73376623,0.04870130,0.0000000000,NULL
563_Q1,C,587_Q1,M,309,0.40930575,0.66487021,7.87298128,15.59586112,0.74675325,0.04545455,0.0000000000,NULL
563_Q1,C,HOL_TMB12,H,170,0.23789518,0.62543151,3.18404872,10.38925583,0.71005917,0.07692308,0.0000000472,NULL
563_Q1,C,VRIG_Q1,M,96,0.48720121,0.54738677,5.43765684,6.34154615,0.70526316,0.05263158,0.0000629913,NULL
563_Q1,M,587_Q1,C,309,0.59080406,0.62749176,12.85123379,14.12049342,0.72077922,0.04870130,0.0000000000,NULL
563_Q1,M,587_Q1,M,309,0.38702023,0.67591130,7.36621787,16.06946571,0.72402597,0.04545455,0.0000000000,NULL
563_Q1,M,HOL_TMB12,H,170,0.20856765,0.59749786,2.77234916,9.65799004,0.70414201,0.06508876,0.0000001110,NULL
563_Q1,M,HOL_WEDW,H,182,0.42794460,0.53442847,6.37018599,8.48319222,0.70718232,0.02209945,0.0000000248,NULL
563_Q1,M,VRIG_Q1,M,96,0.48617626,0.52818123,5.42267162,6.03075731,0.70526316,0.05263158,0.0000629913,NULL
585_Q2,M,600_Q1,C,67,0.35768701,0.57606512,3.11173035,5.68187410,0.74242424,0.01515152,0.0000818466,NULL
587_Q1,C,563_Q1,C,309,0.69788247,0.65686668,17.10077792,15.26409969,0.73376623,0.04870130,0.0000000000,NULL
587_Q1,C,563_Q1,M,309,0.59080406,0.62749176,12.85123379,14.12049342,0.72077922,0.04870130,0.0000000000,NULL
587_Q1,M,563_Q1,C,309,0.40930575,0.66487021,7.87298128,15.59586112,0.74675325,0.04545455,0.0000000000,NULL
587_Q1,M,563_Q1,M,309,0.38702023,0.67591130,7.36621787,16.06946571,0.72402597,0.04545455,0.0000000000,NULL
600_Q1,C,388_Q1,M,66,0.32084707,0.63896528,2.73114463,6.64519730,0.76923077,0.01538462,0.0000141697,NULL
600_Q1,C,585_Q2,M,67,0.35768701,0.57606512,3.11173035,5.68187410,0.74242424,0.01515152,0.0000818466,NULL
600_Q1,C,MEK_Q1,C,104,0.53904502,0.61928994,6.49514322,7.96589593,0.72815534,0.07766990,0.0000036382,NULL
600_Q1,C,MEK_Q1,M,104,0.30311110,0.59753599,3.22810729,7.52619217,0.71844660,0.02912621,0.0000092508,NULL
600_Q1,C,NOVY_Q2,M,85,0.38860348,0.61313291,3.86541135,7.07094904,0.72619048,0.03571429,0.0000338127,NULL
600_Q1,M,388_Q1,M,66,0.72682281,0.62655762,8.53176967,6.43138446,0.75384615,0.00000000,0.0000425559,NULL
600_Q1,M,MEK_Q1,C,104,0.38496865,0.62911109,4.23326426,8.17391577,0.72815534,0.05825243,0.0000036382,NULL
600_Q1,M,MEK_Q1,M,104,0.43630326,0.59972984,4.92108922,7.56930170,0.73786408,0.00970874,0.0000013783,NULL
600_Q1,M,NOVY_Q2,M,85,0.40661761,0.59582995,4.07915749,6.75905536,0.72619048,0.01190476,0.0000338127,NULL
ABC_Q1,C,DIF_Q1,C,333,0.59675430,0.62938870,13.55066723,14.73537730,0.72891566,0.06626506,0.0000000000,NULL
ABC_Q1,C,DIF_Q1,M,333,0.38955238,0.61631275,7.70678496,14.23848457,0.73795181,0.03614458,0.0000000000,NULL
ABC_Q1,M,DIF_Q1,C,333,0.33701049,0.61395735,6.52216410,14.15104545,0.70783133,0.07228916,0.0000000000,NULL
ABC_Q1,M,DIF_Q1,M,333,0.59655186,0.61404170,13.54352984,14.15416640,0.71686747,0.04216867,0.0000000000,NULL
ALC_Q1,C,C5A_Q1,M,265,0.36947394,0.54842160,6.46036962,10.63607112,0.72727273,0.03030303,0.0000000000,NULL
ALC_Q1,C,VDMM_Q1,C,177,0.50784928,0.57220863,7.82101554,9.23001346,0.71022727,0.03977273,0.0000000243,NULL
ALC_Q1,C,VDMM_Q1,M,177,0.41895283,0.54264079,6.12113253,8.54614661,0.72159091,0.03409091,0.0000000041,NULL
ALC_Q1,C,VEL_Q2,C,117,0.72185648,0.67032692,11.23432288,9.68708473,0.75000000,0.04310345,0.0000000724,NULL
ALC_Q1,C,VEL_Q2,M,117,0.47705418,0.63696406,5.84615249,8.86072924,0.75000000,0.04310345,0.0000000724,NULL
ALC_Q1,C,VOW_Q1,M,78,0.49580645,0.53475893,5.00980929,5.51703499,0.75324675,0.01298701,0.0000088112,NULL
ALC_Q1,M,C5A_Q1,M,265,0.46334500,0.53355452,8.49543254,10.23072988,0.73484848,0.03409091,0.0000000000,NULL
ALC_Q1,M,VDMM_Q1,C,177,0.39507505,0.55373390,5.70540395,8.79700562,0.71590909,0.03409091,0.0000000101,NULL
ALC_Q1,M,VDMM_Q1,M,177,0.26185731,0.54556662,3.59952962,8.61167909,0.73295455,0.02840909,0.0000000006,NULL
ALC_Q1,M,VEL_Q2,C,117,0.48808589,0.71384824,6.02299764,10.93126482,0.78448276,0.03448276,0.0000000009,NULL
ALC_Q1,M,VEL_Q2,M,117,0.67598949,0.67011020,9.87992715,9.68139951,0.78448276,0.03448276,0.0000000009,NULL
ALC_Q3,C,RAT_Q1,C,72,0.47964833,0.57341889,4.60600479,5.85595895,0.73239437,0.05633803,0.0000898887,NULL
ATTO_Q1,C,HOL_TMB12,H,83,0.48954555,0.68553253,5.08387238,8.47450116,0.74390244,0.06097561,0.0000099959,NULL
ATTO_Q1,M,HOL_TMB12,H,83,0.69342693,0.69588628,8.71479947,8.72096243,0.76829268,0.02439024,0.0000011799,NULL
AZW_Q1,C,HRW_Q1,M,76,0.55129027,0.54555548,5.72244577,5.59979398,0.73333333,0.04000000,0.0000531213,NULL
AZW_Q1,M,HRW_Q1,M,76,0.72277943,0.58065250,9.05751063,6.13517462,0.74666667,0.01333333,0.0000193387,NULL
BAR_Q1,C,BHC_Q1,C,168,0.56592942,0.55818779,8.87062529,8.66773484,0.70658683,0.08383234,0.0000000933,NULL
BAR_Q1,C,BHC_Q1,M,168,0.44127837,0.60867586,6.35476061,9.88410914,0.70059880,0.07784431,0.0000002165,NULL
BAR_Q1,C,BJG_Q1,C,242,0.59769979,0.50015096,11.57361155,8.94787315,0.70954357,0.07883817,0.0000000001,NULL
BAR_Q1,C,BJG_Q1,M,242,0.31612008,0.50696600,5.17276699,9.11159260,0.70539419,0.05394191,0.0000000002,NULL
BAR_Q1,M,BHC_Q1,C,168,0.41842066,0.58574412,5.95339017,9.31131646,0.72455090,0.01796407,0.0000000065,NULL
BAR_Q1,M,BHC_Q1,M,168,0.13008223,0.63909261,1.69543865,10.70577727,0.70658683,0.01197605,0.0000000933,NULL
BECRAA,B,068_Q1,M,165,0.21661985,0.59097360,2.84155753,9.35308166,0.70731707,0.04878049,0.0000001097,NULL
BECRAA,B,ELT_Q1,C,105,0.32969334,0.61505480,3.56134729,7.91661154,0.71153846,0.08653846,0.0000159925,NULL
BECRKO,B,068_Q1,M,142,0.83286202,0.65375092,17.86817318,10.22226112,0.73049645,0.04964539,0.0000000440,NULL
BECRWE,B,VFH_Q1,C,170,0.34158907,0.53078439,4.72486104,8.11763540,0.72781065,0.04733728,0.0000000032,NULL
BGA_Q1,C,SWP_Q1,M,84,0.26695703,0.50131293,2.52368269,5.24645759,0.72289157,0.03614458,0.0000488049,NULL
BHC_Q1,C,BAR_Q1,C,168,0.56592942,0.55818779,8.87062529,8.66773484,0.70658683,0.08383234,0.0000000933,NULL
BHC_Q1,C,BAR_Q1,M,168,0.41842066,0.58574412,5.95339017,9.31131646,0.72455090,0.01796407,0.0000000065,NULL
BHC_Q1,C,F1B_Q1,C,115,0.55403589,0.57128685,7.10574877,7.39915805,0.71052632,0.03508772,0.0000069370,NULL
BHC_Q1,C,OSND_Q1,M,184,0.37716209,0.54795774,5.50900965,8.83717970,0.74316940,0.03278689,0.0000000000,NULL
BHC_Q1,M,BAR_Q1,C,168,0.44127837,0.60867586,6.35476061,9.88410914,0.70059880,0.07784431,0.0000002165,NULL
BHC_Q1,M,BAR_Q1,M,168,0.13008223,0.63909261,1.69543865,10.70577727,0.70658683,0.01197605,0.0000000933,NULL
BHC_Q1,M,OSND_Q1,M,184,0.42186660,0.54412144,6.29444194,8.74915721,0.72677596,0.02732240,0.0000000008,NULL
BJG_Q1,C,BAR_Q1,C,242,0.59769979,0.50015096,11.57361155,8.94787315,0.70954357,0.07883817,0.0000000001,NULL
BJG_Q1,M,BAR_Q1,C,242,0.31612008,0.50696600,5.17276699,9.11159260,0.70539419,0.05394191,0.0000000002,NULL
BOUX_Q1,C,TROY_Q1,M,193,0.43575362,0.50806032,6.70837407,8.15204712,0.72916667,0.03645833,0.0000000002,NULL
BOUX_Q1,M,TROY_Q1,M,193,0.23163127,0.50833188,3.29930614,8.15792207,0.72916667,0.03645833,0.0000000002,NULL
BSN_Q1,M,HOL_TRPB,H,68,0.58836233,0.52493266,5.95593459,5.01040275,0.74626866,0.04477612,0.0000554004,NULL
C4A_Q1,C,FLEV1_Q1,C,68,0.61543728,0.75191630,6.39134939,9.26585864,0.76119403,0.02985075,0.0000190341,NULL
C4A_Q1,C,HOL_KBMB,H,301,0.38452629,0.59985343,7.21491648,12.96376332,0.70666667,0.03000000,0.0000000000,NULL
C4A_Q1,C,HOL_MBUF,H,124,0.38071340,0.76103648,4.56618080,12.95792329,0.80487805,0.03252033,0.0000000000,NULL
C4A_Q1,C,HOL_MRBR,H,138,0.22625745,0.61619232,2.71878016,9.12393918,0.73722628,0.05109489,0.0000000280,NULL
C4A_Q1,C,HOL_TRRB,H,75,0.48553830,0.71402639,4.77772235,8.71372718,0.75675676,0.02702703,0.0000099891,NULL
C4A_Q1,C,VFH_Q2,C,302,0.58865499,0.63305889,12.63357222,14.16464292,0.73754153,0.03322259,0.0000000000,NULL
C4A_Q1,M,FLEV1_Q1,C,68,0.23800114,0.73187556,2.00575906,8.72534630,0.74626866,0.02985075,0.0000554004,NULL
C4A_Q1,M,FLEV1_Q1,M,68,0.39672213,0.70499088,3.53761137,8.07563570,0.74626866,0.02985075,0.0000554004,NULL
C4A_Q1,M,HOL_MBUF,H,124,0.57752330,0.71933335,7.84571974,11.43759356,0.80487805,0.01626016,0.0000000000,NULL
C4A_Q1,M,HOL_MRBR,H,138,0.49404599,0.58165148,6.65104918,8.33888108,0.75912409,0.04379562,0.0000000013,NULL
C4A_Q1,M,HOL_TRRB,H,75,0.20992920,0.69624263,1.84703753,8.28733009,0.77027027,0.02702703,0.0000033209,NULL
C4A_Q1,M,MMB_Q1,C,106,0.33042832,0.50795768,3.58738205,6.01379188,0.70476190,0.00952381,0.0000271227,NULL
C4A_Q1,M,MMB_Q1,M,106,0.40405032,0.53561880,4.52620239,6.46834913,0.71428571,0.00000000,0.0000112545,NULL
C4A_Q1,M,SILL_Q2,C,123,0.26738448,0.52136136,3.06495335,6.72065273,0.70491803,0.04098361,0.0000059887,NULL
C4A_Q1,M,VFH_Q2,C,302,0.34301861,0.60361474,6.33553624,13.11329095,0.73754153,0.03986711,0.0000000000,NULL
C4A_Q1,M,VFH_Q2,M,302,0.72912083,0.60918041,18.48341776,13.30503513,0.70764120,0.06312292,0.0000000000,NULL
C4CRH_Q1,C,LRC_Q1,C,133,0.76050072,0.74888511,13.45601243,12.93403318,0.70454545,0.08333333,0.0000026004,NULL
C4CRH_Q1,M,LRC_Q1,C,133,0.35644799,0.68794894,4.38318439,10.84924128,0.73484848,0.06060606,0.0000000680,NULL
C4CRH_Q1,M,LRC_Q1,M,133,0.80075558,0.67794552,15.35912466,10.55545223,0.72727273,0.04545455,0.0000001767,NULL
C5A_Q1,C,SPR_Q1,C,224,0.78229551,0.71771275,18.75425073,15.35699501,0.74439462,0.07174888,0.0000000000,NULL
C5A_Q1,C,SPR_Q1,M,224,0.53642265,0.70206944,9.49167997,14.68961419,0.77130045,0.05381166,0.0000000000,NULL
C5A_Q1,C,VDMWL_Q2,M,159,0.52788169,0.60520679,7.81258675,9.52584002,0.72151899,0.05063291,0.0000000256,NULL
C5A_Q1,C,VEL_Q2,C,117,0.66577832,0.67553246,9.61020687,9.82501211,0.70689655,0.03448276,0.0000083236,NULL
C5A_Q1,C,VEL_Q2,M,117,0.39804030,0.59386520,4.67317978,7.91545539,0.71551724,0.03448276,0.0000034441,NULL
C5A_Q1,C,VZS_Q1,C,136,0.60134295,0.62523780,8.74474618,9.27387586,0.71111111,0.08148148,0.0000009306,NULL
C5A_Q1,C,VZS_Q1,M,136,0.56752184,0.64537255,8.00867330,9.78012919,0.73333333,0.08148148,0.0000000589,NULL
C5A_Q1,M,ALC_Q1,C,265,0.36947394,0.54842160,6.46036962,10.63607112,0.72727273,0.03030303,0.0000000000,NULL
C5A_Q1,M,ALC_Q1,M,265,0.46334500,0.53355452,8.49543254,10.23072988,0.73484848,0.03409091,0.0000000000,NULL
C5A_Q1,M,SPR_Q1,C,224,0.58835658,0.64266345,10.86571868,12.49818844,0.73094170,0.04932735,0.0000000000,NULL
C5A_Q1,M,SPR_Q1,M,224,0.73774098,0.65319740,16.31919007,12.85338175,0.75784753,0.02242152,0.0000000000,NULL
C5A_Q1,M,VDMWL_Q2,M,159,0.54992471,0.63173639,8.27625557,10.21130661,0.74683544,0.03797468,0.0000000005,NULL
C5A_Q1,M,VEL_Q2,C,117,0.38810393,0.62404024,4.53552134,8.56431111,0.71551724,0.01724138,0.0000034441,NULL
C5A_Q1,M,VEL_Q2,M,117,0.53673076,0.55895232,6.85125068,7.22877151,0.72413793,0.01724138,0.0000013786,NULL
C5A_Q1,M,VZS_Q1,C,136,0.39122217,0.62147219,4.93926910,9.18270126,0.70370370,0.05185185,0.0000022052,NULL
C5A_Q1,M,VZS_Q1,M,136,0.62812566,0.65189927,9.37932007,9.95150236,0.74814815,0.05185185,0.0000000081,NULL
CAO_Q1,C,ZLF_Q1,C,243,0.42987188,0.56087022,7.40648128,10.51698038,0.71900826,0.06611570,0.0000000000,NULL
CAO_Q1,C,ZLF_Q1,M,243,0.32737993,0.53175205,5.38985640,9.74732650,0.73140496,0.03719008,0.0000000000,NULL
CAO_Q1,M,ZLF_Q1,C,243,0.21329814,0.55848169,3.39629885,10.45182776,0.71074380,0.05785124,0.0000000001,NULL
CAO_Q1,M,ZLF_Q1,M,243,0.12056952,0.53723768,1.88940505,9.88838752,0.74793388,0.02066116,0.0000000000,NULL
CUY_Q1,C,1AH_Q1,C,83,0.57722358,0.65532797,6.40101701,7.80829422,0.71951220,0.06097561,0.0000702212,NULL
CUY_Q1,M,1AH_Q1,C,83,0.27049755,0.55832506,2.54430967,6.05688358,0.71951220,0.04878049,0.0000702212,NULL
CUY_Q1,M,STF_Q1,C,102,0.32310623,0.57884208,3.43121869,7.09852741,0.71287129,0.04950495,0.0000188022,NULL
CUY_Q1,M,STF_Q1,M,102,0.72519028,0.54121348,10.58468917,6.43623484,0.70297030,0.02970297,0.0000451031,NULL
DAAH_Q1,M,FLOR_Q2,M,77,0.35648410,0.50196173,3.32628886,5.02620784,0.72368421,0.03947368,0.0000961659,NULL
DAMP_Q1,C,SILL_Q2,M,188,0.57066124,0.58316885,9.50293739,9.79054990,0.70588235,0.02673797,0.0000000179,NULL
DAMP_Q1,M,SILL_Q2,C,188,0.33501192,0.57527605,4.86218590,9.59182080,0.71122995,0.03208556,0.0000000076,NULL
DAMP_Q1,M,SILL_Q2,M,188,0.53953394,0.58199706,8.76286503,9.76078515,0.72727273,0.02673797,0.0000000005,NULL
DAMP_Q1,M,VEND_Q1,C,220,0.35641228,0.53556540,5.64514342,9.36363154,0.71689498,0.04566210,0.0000000001,NULL
DEU_Q1,C,EMP_Q1,C,101,0.50358440,0.54965812,5.82888729,6.54668031,0.70000000,0.09000000,0.0000633425,NULL
DEU_Q1,C,EMP_Q1,M,101,0.39053061,0.53603345,4.24217766,6.31779919,0.73000000,0.04000000,0.0000042249,NULL
DEU_Q1,C,NEW_Q1,C,181,0.52617963,0.52484372,8.30157694,8.24946183,0.71111111,0.06111111,0.0000000147,NULL
DEU_Q1,C,OSND_Q1,M,59,0.46841711,0.62058829,4.03772310,5.97515653,0.75862069,0.00000000,0.0000817561,NULL
DEU_Q1,M,EMP_Q1,C,101,0.38599752,0.53697787,4.18425584,6.33343476,0.70000000,0.08000000,0.0000633425,NULL
DEU_Q1,M,EMP_Q1,M,101,0.26167070,0.52782232,2.71117177,6.18324130,0.73000000,0.03000000,0.0000042249,NULL
DEU_Q1,M,NEW_Q1,C,181,0.45332434,0.57428363,6.82337360,9.38536753,0.70000000,0.05555556,0.0000000803,NULL
DEU_Q1,M,NEW_Q1,M,181,0.49736510,0.54520970,7.69168322,8.70143288,0.70555556,0.03333333,0.0000000348,NULL
DIF_Q1,C,ABC_Q1,C,333,0.59675430,0.62938870,13.55066723,14.73537730,0.72891566,0.06626506,0.0000000000,NULL
DIF_Q1,C,ABC_Q1,M,333,0.33701049,0.61395735,6.52216410,14.15104545,0.70783133,0.07228916,0.0000000000,NULL
DIF_Q1,C,VEL_Q1,M,109,0.29369770,0.50785763,3.19301320,6.09829354,0.71296296,0.05555556,0.0000095840,NULL
DIF_Q1,M,ABC_Q1,C,333,0.38955238,0.61631275,7.70678496,14.23848457,0.73795181,0.03614458,0.0000000000,NULL
DIF_Q1,M,ABC_Q1,M,333,0.59655186,0.61404170,13.54352984,14.15416640,0.71686747,0.04216867,0.0000000000,NULL
DIF_Q1,M,VEL_Q1,M,109,0.07422844,0.51391121,0.77353859,6.19686422,0.72222222,0.02777778,0.0000038596,NULL
DMN1_Q1,C,MEK_Q1,M,186,0.26469240,0.54730705,3.73336414,8.87053542,0.72432432,0.03243243,0.0000000010,NULL
DMN1_Q1,C,POM4_Q1,C,95,0.53240052,0.62443109,6.09788519,7.70957663,0.70212766,0.07446809,0.0000887694,NULL
DMN1_Q1,C,POM4_Q1,M,95,0.30055591,0.63293165,3.05526001,7.88389466,0.72340426,0.04255319,0.0000147782,NULL
DMN1_Q3,C,VFH_Q2,C,216,0.66113343,0.67505554,12.92086901,13.38527265,0.73023256,0.04651163,0.0000000000,NULL
DMN1_Q3,C,VFH_Q2,M,216,0.37091946,0.66533500,5.85652169,13.03740958,0.73023256,0.06046512,0.0000000000,NULL
DMN1_Q3,M,VFH_Q2,C,216,0.38160720,0.64988542,6.05356605,12.50868582,0.71627907,0.08372093,0.0000000002,NULL
DMN1_Q3,M,VFH_Q2,M,216,0.75881506,0.65680814,17.08323019,12.74209443,0.71162791,0.08837209,0.0000000005,NULL
ELT_Q1,C,068_Q1,C,144,0.69443744,0.71956472,11.54086348,12.34776767,0.72027972,0.06293706,0.0000001377,NULL
ELT_Q1,C,068_Q1,M,144,0.35404309,0.73202870,4.52695447,12.80414531,0.72027972,0.06993007,0.0000001377,NULL
ELT_Q1,C,068_Q2,M,144,0.42096206,0.70991487,5.54965798,12.01158900,0.71328671,0.08391608,0.0000003377,NULL
ELT_Q1,C,BECRAA,B,105,0.32969334,0.61505480,3.56134729,7.91661154,0.71153846,0.08653846,0.0000159925,NULL
ELT_Q1,C,HOL_KBMB,H,144,0.57837921,0.65341022,8.47840217,10.28565387,0.72727273,0.06293706,0.0000000546,NULL
ELT_Q1,M,068_Q1,C,144,0.33501477,0.72744005,4.25189904,12.63306903,0.71328671,0.03496503,0.0000003377,NULL
ELT_Q1,M,068_Q1,M,144,0.80095974,0.76111487,15.99765194,13.98318096,0.74125874,0.05594406,0.0000000079,NULL
ELT_Q1,M,HOL_KBMB,H,144,0.52280918,0.60502376,7.33402596,9.05504018,0.70629371,0.04895105,0.0000008063,NULL
EMP_Q1,C,DEU_Q1,C,101,0.50358440,0.54965812,5.82888729,6.54668031,0.70000000,0.09000000,0.0000633425,NULL
EMP_Q1,C,DEU_Q1,M,101,0.38599752,0.53697787,4.18425584,6.33343476,0.70000000,0.08000000,0.0000633425,NULL
EMP_Q1,C,MAV_Q1,C,84,0.45777102,0.61669960,4.69084761,7.09408342,0.72289157,0.03614458,0.0000488049,NULL
EMP_Q1,C,OSND_Q1,M,155,0.34855683,0.62377271,4.61488695,9.87152651,0.71428571,0.06493506,0.0000001047,NULL
EMP_Q1,M,DEU_Q1,C,101,0.39053061,0.53603345,4.24217766,6.31779919,0.73000000,0.04000000,0.0000042249,NULL
EMP_Q1,M,DEU_Q1,M,101,0.26167070,0.52782232,2.71117177,6.18324130,0.73000000,0.03000000,0.0000042249,NULL
EMP_Q1,M,F1B_Q1,C,115,0.46950124,0.55461443,5.67756348,7.08518126,0.72807018,0.02631579,0.0000011146,NULL
EMP_Q1,M,MAV_Q1,C,84,0.40276995,0.59780853,4.00896301,6.75289876,0.74698795,0.02409639,0.0000067847,NULL
EMP_Q1,M,MAV_Q1,M,84,0.18097431,0.55643230,1.67643606,6.06420936,0.72289157,0.01204819,0.0000488049,NULL
EMP_Q1,M,OSND_Q1,C,155,0.34730139,0.58559227,4.59598034,8.93575744,0.70129870,0.03896104,0.0000005850,NULL
EMP_Q1,M,OSND_Q1,M,155,0.08466987,0.59274888,1.05451209,9.10356837,0.72727273,0.03246753,0.0000000169,NULL
F1B_Q1,C,BHC_Q1,C,115,0.55403589,0.57128685,7.10574877,7.39915805,0.71052632,0.03508772,0.0000069370,NULL
F1B_Q1,C,EMP_Q1,M,115,0.46950124,0.55461443,5.67756348,7.08518126,0.72807018,0.02631579,0.0000011146,NULL
FLEV1_Q1,C,195_Q1,M,80,0.46761493,0.56527424,4.70200326,6.05206502,0.73417722,0.03797468,0.0000314334,NULL
FLEV1_Q1,C,C4A_Q1,C,68,0.61543728,0.75191630,6.39134939,9.26585864,0.76119403,0.02985075,0.0000190341,NULL
FLEV1_Q1,C,C4A_Q1,M,68,0.23800114,0.73187556,2.00575906,8.72534630,0.74626866,0.02985075,0.0000554004,NULL
FLEV1_Q1,C,HOL_MBUF,H,63,0.44438548,0.84765636,3.90595603,12.47848853,0.83870968,0.03225806,0.0000000961,NULL
FLEV1_Q1,C,HOL_PALZ,H,80,0.43160258,0.82987598,4.25265636,13.13611242,0.75949367,0.03797468,0.0000039717,NULL
FLEV1_Q1,C,OSH_Q1,C,80,0.41936356,0.57573332,4.10587064,6.21881794,0.73417722,0.02531646,0.0000314334,NULL
FLEV1_Q1,C,SILL_Q2,M,80,0.58280378,0.71194598,6.37458892,8.95390228,0.72151899,0.02531646,0.0000822295,NULL
FLEV1_Q1,C,VIGO_Q1,C,61,0.72394278,0.77454568,8.12865863,9.40589580,0.80000000,0.05000000,0.0000033585,NULL
FLEV1_Q1,M,C4A_Q1,M,68,0.39672213,0.70499088,3.53761137,8.07563570,0.74626866,0.02985075,0.0000554004,NULL
FLEV1_Q1,M,HOL_MBUF,H,63,0.65772019,0.82011084,6.87528586,11.19401945,0.80645161,0.03225806,0.0000013930,NULL
FLEV1_Q1,M,HOL_PALZ,H,80,0.45384839,0.79738409,4.52697579,11.66964525,0.74683544,0.03797468,0.0000114480,NULL
FLEV1_Q1,M,VIGO_Q1,C,61,0.55372559,0.69010102,5.15088760,7.32440357,0.80000000,0.03333333,0.0000033585,NULL
FLEV1_Q2,C,ILLA_Q1,C,150,0.63311285,0.59890601,9.98389292,9.09818963,0.73825503,0.07382550,0.0000000060,NULL
FLEV1_Q2,C,ILLA_Q1,M,150,0.40785794,0.58896732,5.45267585,8.86597283,0.73154362,0.07382550,0.0000000158,NULL
FLEV1_Q2,M,ILLA_Q1,C,150,0.46416307,0.58122801,6.39665124,8.68943081,0.70469799,0.02684564,0.0000005813,NULL
FLEV1_Q2,M,VIGN_Q1,C,63,0.37588378,0.53412670,3.19393317,4.93451734,0.75806452,0.03225806,0.0000482380,NULL
FLEV1_Q2,M,VIGN_Q1,M,63,0.50444571,0.51071676,4.60019664,4.63952297,0.75806452,0.01612903,0.0000482380,NULL
FLOR_Q1,C,IALP_Q1,M,133,0.35202173,0.50033837,4.32100112,6.61404041,0.73484848,0.04545455,0.0000000680,NULL
FLOR_Q2,C,HOL_MBUF,H,102,0.26986906,0.61358871,2.81665682,7.77062646,0.73267327,0.01980198,0.0000029156,NULL
FLOR_Q2,M,DAAH_Q1,M,77,0.35648410,0.50196173,3.32628886,5.02620784,0.72368421,0.03947368,0.0000961659,NULL
FLOR_Q2,M,HOL_MBUF,H,102,0.47382468,0.62145415,5.40742135,7.93227036,0.72277228,0.02970297,0.0000075463,NULL
GENP_Q1,C,1AH_Q1,C,80,0.54583729,0.61233354,5.79014069,6.84035735,0.74683544,0.03797468,0.0000114480,NULL
HOK_Q1,C,VDM2W_Q1,M,83,0.32436980,0.53461187,3.10519000,5.69343254,0.71951220,0.03658537,0.0000702212,NULL
HOK_Q1,M,POM3_Q1,M,147,0.57907923,0.52315894,8.58246960,7.39193638,0.70547945,0.02054795,0.0000006848,NULL
HOK_Q1,M,VDM2W_Q1,M,83,-0.30070146,0.51023359,-2.85510670,5.33943117,0.73170732,0.01219512,0.0000271194,NULL
HOL_AAHO,H,HOL_KMBQ,H,122,0.32115421,0.59162170,3.73030195,8.03865634,0.75206612,0.06611570,0.0000000293,NULL
HOL_AAHO,H,HOL_TRRB,H,101,0.15842218,0.53383623,1.60448405,6.28155102,0.70000000,0.04000000,0.0000633425,NULL
HOL_GKZB,H,HOL_KORH,H,75,0.01512635,0.53991249,0.13013666,5.48045426,0.75675676,0.01351351,0.0000099891,NULL
HOL_KBMB,H,C4A_Q1,C,301,0.38452629,0.59985343,7.21491648,12.96376332,0.70666667,0.03000000,0.0000000000,NULL
HOL_KBMB,H,ELT_Q1,C,144,0.57837921,0.65341022,8.47840217,10.28565387,0.72727273,0.06293706,0.0000000546,NULL
HOL_KBMB,H,ELT_Q1,M,144,0.52280918,0.60502376,7.33402596,9.05504018,0.70629371,0.04895105,0.0000008063,NULL
HOL_KBMB,H,HOL_MBUF,H,124,0.72334628,0.63684986,11.61834526,9.12366726,0.72357724,0.02439024,0.0000007079,NULL
HOL_KBMB,H,HOL_TRRB,H,87,0.10765153,0.66912327,1.00415470,8.30115022,0.76744186,0.04651163,0.0000007038,NULL
HOL_KBMB,H,VFH_Q2,C,313,0.40948669,0.64786564,7.92814809,14.99857635,0.70192308,0.04166667,0.0000000000,NULL
HOL_KMBQ,H,HOL_AAHO,H,122,0.32115421,0.59162170,3.73030195,8.03865634,0.75206612,0.06611570,0.0000000293,NULL
HOL_KORB,H,202_Q1,C,188,0.49775318,0.72328817,7.84794820,14.28482818,0.74331551,0.01604278,0.0000000000,NULL
HOL_KORB,H,202_Q1,M,188,0.34731964,0.73786133,5.06482621,14.90932975,0.75401070,0.02673797,0.0000000000,NULL
HOL_KORB,H,HOL_MB253,H,105,0.59283562,0.61064645,7.50724497,7.82593561,0.70192308,0.02884615,0.0000381448,NULL
HOL_KORH,H,HOL_GKZB,H,75,0.01512635,0.53991249,0.13013666,5.48045426,0.75675676,0.01351351,0.0000099891,NULL
HOL_KORH,H,HOL_LKBB,H,85,0.17696173,0.57718757,1.64788850,6.43932685,0.71428571,0.00000000,0.0000856830,NULL
HOL_LKBB,H,HOL_KORH,H,85,0.17696173,0.57718757,1.64788850,6.43932685,0.71428571,0.00000000,0.0000856830,NULL
HOL_LKBB,H,HOL_MBRU,H,100,0.64967054,0.68243278,8.50303237,9.24243121,0.72727273,0.02020202,0.0000061064,NULL
HOL_LKBB,H,HOL_MRBR,H,73,0.68651544,0.64394581,8.01149035,7.09213013,0.73611111,0.05555556,0.0000615109,NULL
HOL_LKSB,H,195_Q1,M,103,0.47894704,0.61410161,5.51023767,7.81986050,0.70588235,0.04901961,0.0000320176,NULL
HOL_LKSB,H,HOL_MRBR,H,104,0.41136567,0.63087496,4.58040725,8.21194982,0.73786408,0.05825243,0.0000013783,NULL
HOL_MB253,H,202_Q1,C,150,0.39793443,0.66066125,5.29467561,10.70662131,0.75167785,0.03355705,0.0000000008,NULL
HOL_MB253,H,202_Q1,M,150,0.23982210,0.57744707,3.01540073,8.60448904,0.70469799,0.03355705,0.0000005813,NULL
HOL_MB253,H,HOL_KORB,H,105,0.59283562,0.61064645,7.50724497,7.82593561,0.70192308,0.02884615,0.0000381448,NULL
HOL_MB253,H,HOL_TRMB32,H,71,0.51783958,0.67564641,5.06448799,7.61278339,0.80000000,0.01428571,0.0000005168,NULL
HOL_MB253,H,METZ_Q3,C,75,0.42519290,0.59246517,4.04114078,6.28357668,0.72972973,0.02702703,0.0000773649,NULL
HOL_MB253,H,METZ_Q3,M,75,0.15899651,0.56992107,1.38536266,5.92602057,0.72972973,0.02702703,0.0000773649,NULL
HOL_MBRU,H,068_Q1,C,100,0.61454194,0.68156732,7.75096718,9.22052924,0.72727273,0.04040404,0.0000061064,NULL
HOL_MBRU,H,HOL_LKBB,H,100,0.64967054,0.68243278,8.50303237,9.24243121,0.72727273,0.02020202,0.0000061064,NULL
HOL_MBRU,H,HOL_MRBR,H,73,0.77586171,0.80145280,10.43489214,11.29181596,0.76388889,0.08333333,0.0000075225,NULL
HOL_MBRU,H,HOL_TRRS,H,100,0.46034865,0.58457335,5.15964188,7.13261357,0.70707071,0.05050505,0.0000377797,NULL
HOL_MBRU,H,SARR6_Q1,C,100,0.38588955,0.59608241,4.16191363,7.34928867,0.71717172,0.10101010,0.0000154858,NULL
HOL_MBRU,H,VFH_Q2,M,100,0.72037828,0.73382222,10.33429326,10.69339746,0.71717172,0.08080808,0.0000154858,NULL
HOL_MBUF,H,C4A_Q1,C,124,0.38071340,0.76103648,4.56618080,12.95792329,0.80487805,0.03252033,0.0000000000,NULL
HOL_MBUF,H,C4A_Q1,M,124,0.57752330,0.71933335,7.84571974,11.43759356,0.80487805,0.01626016,0.0000000000,NULL
HOL_MBUF,H,FLEV1_Q1,C,63,0.44438548,0.84765636,3.90595603,12.47848853,0.83870968,0.03225806,0.0000000961,NULL
HOL_MBUF,H,FLEV1_Q1,M,63,0.65772019,0.82011084,6.87528586,11.19401945,0.80645161,0.03225806,0.0000013930,NULL
HOL_MBUF,H,FLOR_Q2,C,102,0.26986906,0.61358871,2.81665682,7.77062646,0.73267327,0.01980198,0.0000029156,NULL
HOL_MBUF,H,FLOR_Q2,M,102,0.47382468,0.62145415,5.40742135,7.93227036,0.72277228,0.02970297,0.0000075463,NULL
HOL_MBUF,H,HOL_KBMB,H,124,0.72334628,0.63684986,11.61834526,9.12366726,0.72357724,0.02439024,0.0000007079,NULL
HOL_MBUF,H,HOL_MRBR,H,120,0.64629113,0.62417914,9.23900888,8.67846371,0.76470588,0.02521008,0.0000000077,NULL
HOL_MBUF,H,HOL_PALZ,H,124,0.60869170,0.71499699,8.50851943,11.29607925,0.74796748,0.02439024,0.0000000379,NULL
HOL_MBUF,H,HOL_TRRS,H,124,0.44676383,0.67059330,5.53829979,9.98475809,0.71544715,0.03252033,0.0000017630,NULL
HOL_MBUF,H,SILL_Q2,C,118,0.26591847,0.57291060,2.98377743,7.52843030,0.70085470,0.05982906,0.0000139180,NULL
HOL_MBUF,H,SILL_Q2,M,118,0.38848348,0.61634129,4.56027494,8.42968203,0.70940171,0.01709402,0.0000058969,NULL
HOL_MBUF,H,TROY_Q1,C,124,0.20565149,0.52006764,2.33060130,6.72540245,0.71544715,0.04065041,0.0000017630,NULL
HOL_MBUF,H,VALK_Q2,C,124,0.21164266,0.57018774,2.40163462,7.66624331,0.71544715,0.02439024,0.0000017630,NULL
HOL_MBUF,H,VEND_Q3,C,78,0.38104095,0.55025297,3.61645256,5.74491699,0.72727273,0.00000000,0.0000664587,NULL
HOL_MBUF,H,VEND_Q3,M,78,0.20673146,0.51767625,1.85411430,5.27480175,0.72727273,0.02597403,0.0000664587,NULL
HOL_MBUF,H,VFH_Q2,C,124,0.34270367,0.68484569,4.04576469,10.38080311,0.73983740,0.04065041,0.0000001039,NULL
HOL_MBUF,H,VFH_Q2,M,124,0.83146221,0.65900128,16.59768233,9.67757263,0.72357724,0.02439024,0.0000007079,NULL
HOL_MRBR,H,068_Q1,C,128,0.34176759,0.59430931,4.09830675,8.29495417,0.71653543,0.06299213,0.0000010584,NULL
HOL_MRBR,H,195_Q1,M,137,0.20416377,0.67147353,2.43216760,10.52836301,0.71323529,0.06617647,0.0000006577,NULL
HOL_MRBR,H,1TN_Q1,C,138,0.28446823,0.61018063,3.47310493,8.98170668,0.71532847,0.05839416,0.0000004638,NULL
HOL_MRBR,H,C4A_Q1,C,138,0.22625745,0.61619232,2.71878016,9.12393918,0.73722628,0.05109489,0.0000000280,NULL
HOL_MRBR,H,C4A_Q1,M,138,0.49404599,0.58165148,6.65104918,8.33888108,0.75912409,0.04379562,0.0000000013,NULL
HOL_MRBR,H,HOL_LKBB,H,73,0.68651544,0.64394581,8.01149035,7.09213013,0.73611111,0.05555556,0.0000615109,NULL
HOL_MRBR,H,HOL_LKSB,H,104,0.41136567,0.63087496,4.58040725,8.21194982,0.73786408,0.05825243,0.0000013783,NULL
HOL_MRBR,H,HOL_MBRU,H,73,0.77586171,0.80145280,10.43489214,11.29181596,0.76388889,0.08333333,0.0000075225,NULL
HOL_MRBR,H,HOL_MBUF,H,120,0.64629113,0.62417914,9.23900888,8.67846371,0.76470588,0.02521008,0.0000000077,NULL
HOL_MRBR,H,HOL_TRRB,H,66,0.15306616,0.73370180,1.24877450,8.63849837,0.83076923,0.03076923,0.0000000963,NULL
HOL_MRBR,H,HOL_TRRS,H,138,0.37720843,0.62462669,4.76727794,9.32784891,0.70802920,0.05839416,0.0000011169,NULL
HOL_MRBR,H,VALK_Q2,C,138,0.18890683,0.62421385,2.25163850,9.31774601,0.74452555,0.04379562,0.0000000104,NULL
HOL_MRBR,H,VALK_Q2,M,138,0.33044474,0.64199518,4.09795795,9.76496841,0.71532847,0.08759124,0.0000004638,NULL
HOL_MRBR,H,VFH_Q2,C,138,0.38903449,0.68159357,4.94291932,10.86284294,0.75182482,0.05839416,0.0000000037,NULL
HOL_MRBR,H,VFH_Q2,M,138,0.82078457,0.67473091,16.81792800,10.66120131,0.75182482,0.05839416,0.0000000037,NULL
HOL_MRBR,H,VNW_Q1,C,138,0.22279353,0.60033426,2.67496492,8.75404491,0.75182482,0.04379562,0.0000000037,NULL
HOL_MRBR,H,VNW_Q1,M,138,0.02450044,0.60024948,0.28685646,8.75211222,0.74452555,0.06569343,0.0000000104,NULL
HOL_PALZ,H,1DH_Q1,C,72,0.25305679,0.52796474,2.20403257,5.20127786,0.74647887,0.02816901,0.0000327091,NULL
HOL_PALZ,H,FLEV1_Q1,C,80,0.43160258,0.82987598,4.25265636,13.13611242,0.75949367,0.03797468,0.0000039717,NULL
HOL_PALZ,H,FLEV1_Q1,M,80,0.45384839,0.79738409,4.52697579,11.66964525,0.74683544,0.03797468,0.0000114480,NULL
HOL_PALZ,H,HOL_MBUF,H,124,0.60869170,0.71499699,8.50851943,11.29607925,0.74796748,0.02439024,0.0000000379,NULL
HOL_PALZ,H,HOL_TRRB,H,187,0.19504350,0.76867739,2.71212620,16.34543987,0.75268817,0.03225806,0.0000000000,NULL
HOL_PALZ,H,MAP_Q1,C,121,0.35926607,0.57191782,4.21711775,7.60551473,0.70000000,0.01666667,0.0000117713,NULL
HOL_TATE,H,202_Q1,C,183,0.31465480,0.66169771,4.47207938,11.87327269,0.73626374,0.02197802,0.0000000002,NULL
HOL_TATE,H,202_Q1,M,183,0.25902918,0.60971415,3.61797811,10.34903313,0.70879121,0.02197802,0.0000000177,NULL
HOL_TITE,H,ILLA_Q1,C,84,0.50998606,0.51146776,5.40140407,5.38988042,0.75903614,0.03614458,0.0000023600,NULL
HOL_TITE,H,ILLA_Q1,M,84,0.36677972,0.56636813,3.59184586,6.22297738,0.77108434,0.03614458,0.0000007837,NULL
HOL_TITE,H,TROY_Q1,C,84,0.52101536,0.58416997,5.56111631,6.51759463,0.72289157,0.02409639,0.0000488049,NULL
HOL_TITE,H,VEND_Q1,C,84,0.44264638,0.55807446,4.49728705,6.09018414,0.72289157,0.04819277,0.0000488049,NULL
HOL_TITE,H,VEND_Q3,C,84,0.49753896,0.54018957,5.22547622,5.81268273,0.72289157,0.01204819,0.0000488049,NULL
HOL_TMB11,H,1TN_Q1,C,95,0.51969141,0.57315374,5.89754929,6.74514493,0.71276596,0.03191489,0.0000369633,NULL
HOL_TMB11,H,HOL_TRRS,H,95,0.29229068,0.52880715,2.96327076,6.00845882,0.71276596,0.05319149,0.0000369633,NULL
HOL_TMB12,H,068_Q1,M,79,0.60944149,0.71738444,6.78888845,9.03577727,0.73076923,0.05128205,0.0000457782,NULL
HOL_TMB12,H,202_Q1,C,142,0.31242277,0.68373816,3.90530184,11.08646689,0.70921986,0.07092199,0.0000006740,NULL
HOL_TMB12,H,202_Q1,M,142,0.39359441,0.56183837,5.08403678,8.03600489,0.70212766,0.06382979,0.0000015846,NULL
HOL_TMB12,H,563_Q1,C,170,0.23789518,0.62543151,3.18404872,10.38925583,0.71005917,0.07692308,0.0000000472,NULL
HOL_TMB12,H,563_Q1,M,170,0.20856765,0.59749786,2.77234916,9.65799004,0.70414201,0.06508876,0.0000001110,NULL
HOL_TMB12,H,ATTO_Q1,C,83,0.48954555,0.68553253,5.08387238,8.47450116,0.74390244,0.06097561,0.0000099959,NULL
HOL_TMB12,H,ATTO_Q1,M,83,0.69342693,0.69588628,8.71479947,8.72096243,0.76829268,0.02439024,0.0000011799,NULL
HOL_TRMB32,H,202_Q1,C,133,0.42921417,0.55964550,5.45978783,7.72919916,0.73484848,0.03030303,0.0000000680,NULL
HOL_TRMB32,H,202_Q1,M,133,0.45697469,0.57705577,5.90259620,8.08701703,0.74242424,0.03030303,0.0000000254,NULL
HOL_TRMB32,H,HOL_MB253,H,71,0.51783958,0.67564641,5.06448799,7.61278339,0.80000000,0.01428571,0.0000005168,NULL
HOL_TRMB32,H,HOL_WEDW,H,90,0.12963568,0.56052319,1.23338823,6.34938743,0.73033708,0.02247191,0.0000138648,NULL
HOL_TRMB32,H,SARR2_Q1,C,64,0.48729663,0.53596539,4.42926644,4.99881071,0.76190476,0.04761905,0.0000321596,NULL
HOL_TRMB32,H,SARR2_Q1,M,64,0.21655182,0.51250066,1.76060394,4.69954130,0.74603175,0.03174603,0.0000939791,NULL
HOL_TRPB,H,BSN_Q1,M,68,0.58836233,0.52493266,5.95593459,5.01040275,0.74626866,0.04477612,0.0000554004,NULL
HOL_TRPB,H,SILL_Q2,C,68,0.40514271,0.62743798,3.62726111,6.54622990,0.77611940,0.04477612,0.0000061761,NULL
HOL_TRPB,H,SILL_Q2,M,68,0.37351410,0.59982038,3.29588607,6.09017937,0.80597015,0.01492537,0.0000005473,NULL
HOL_TRPB,H,TROY_Q1,C,68,0.24808461,0.58150777,2.09619036,5.80695056,0.76119403,0.05970149,0.0000190341,NULL
HOL_TRPB,H,TROY_Q1,M,68,0.35888884,0.58316855,3.14730422,5.83206354,0.79104478,0.01492537,0.0000018922,NULL
HOL_TRRB,H,068_Q1,C,56,0.56828345,0.72854807,5.12194277,7.81570022,0.80000000,0.03636364,0.0000085983,NULL
HOL_TRRB,H,195_Q1,C,227,0.48816692,0.66682143,8.40877175,13.42201548,0.72123894,0.06637168,0.0000000000,NULL
HOL_TRRB,H,195_Q1,M,227,-0.01039256,0.65756644,-0.15624286,13.09203822,0.76548673,0.03982301,0.0000000000,NULL
HOL_TRRB,H,1TN_Q1,C,111,0.49828446,0.62158785,6.02764652,8.28443674,0.73636364,0.05454545,0.0000007122,NULL
HOL_TRRB,H,C4A_Q1,C,75,0.48553830,0.71402639,4.77772235,8.71372718,0.75675676,0.02702703,0.0000099891,NULL
HOL_TRRB,H,C4A_Q1,M,75,0.20992920,0.69624263,1.84703753,8.28733009,0.77027027,0.02702703,0.0000033209,NULL
HOL_TRRB,H,HOL_AAHO,H,101,0.15842218,0.53383623,1.60448405,6.28155102,0.70000000,0.04000000,0.0000633425,NULL
HOL_TRRB,H,HOL_KBMB,H,87,0.10765153,0.66912327,1.00415470,8.30115022,0.76744186,0.04651163,0.0000007038,NULL
HOL_TRRB,H,HOL_MRBR,H,66,0.15306616,0.73370180,1.24877450,8.63849837,0.83076923,0.03076923,0.0000000963,NULL
HOL_TRRB,H,HOL_PALZ,H,187,0.19504350,0.76867739,2.71212620,16.34543987,0.75268817,0.03225806,0.0000000000,NULL
HOL_TRRB,H,HOL_TRRS,H,101,0.14777387,0.63842961,1.49414268,8.25316057,0.73000000,0.06000000,0.0000042249,NULL
HOL_TRRB,H,HORB1_Q1,C,51,0.46049476,0.57721109,3.66827480,4.94795793,0.82000000,0.02000000,0.0000060258,NULL
HOL_TRRB,H,HORB1_Q1,M,51,0.61438498,0.57951773,5.50611227,4.97769948,0.78000000,0.04000000,0.0000750132,NULL
HOL_TRRB,H,HORB2_Q1,M,97,-0.17862897,0.54237467,-1.77880883,6.29232629,0.70833333,0.05208333,0.0000445571,NULL
HOL_TRRB,H,HORB3_Q1,C,72,0.51493940,0.77015767,5.06162152,10.10200739,0.78873239,0.05633803,0.0000011399,NULL
HOL_TRRB,H,HORB3_Q1,M,72,0.49325062,0.62657275,4.77786471,6.72637024,0.78873239,0.01408451,0.0000011399,NULL
HOL_TRRB,H,ILLA_Q1,C,150,0.49393565,0.60561144,6.93417335,9.25854087,0.73154362,0.04697987,0.0000000158,NULL
HOL_TRRB,H,ILLA_Q1,M,150,0.31328981,0.60986841,4.02691411,9.36194844,0.72483221,0.04697987,0.0000000405,NULL
HOL_TRRB,H,MAP_Q1,C,121,0.59169946,0.56987390,8.04028205,7.56522704,0.72500000,0.01666667,0.0000008244,NULL
HOL_TRRB,H,OFBG_Q1,C,62,0.57289432,0.71127608,5.45911178,7.83812893,0.80327869,0.01639344,0.0000021652,NULL
HOL_TRRB,H,OFBG_Q1,M,62,0.56475522,0.70260447,5.34484585,7.64825631,0.77049180,0.01639344,0.0000238711,NULL
HOL_TRRB,H,VALK_Q2,C,81,0.55273128,0.74678447,5.93234808,9.98030909,0.76250000,0.06250000,0.0000026564,NULL
HOL_TRRB,H,VALK_Q2,M,81,0.16074801,0.71737760,1.45671786,9.15219303,0.76250000,0.07500000,0.0000026564,NULL
HOL_TRRB,H,VEN_Q1,C,68,0.36624370,0.64958998,3.22167950,6.94120736,0.76119403,0.02985075,0.0000190341,NULL
HOL_TRRB,H,VFH_Q2,C,98,0.48266596,0.72639419,5.42781899,10.35560160,0.77319588,0.05154639,0.0000000739,NULL
HOL_TRRB,H,VFH_Q2,M,98,-0.18718544,0.72813751,-1.87673482,10.40842999,0.79381443,0.03092784,0.0000000071,NULL
HOL_TRRB,H,VNW_Q1,M,81,0.16493729,0.66125322,1.49572935,7.83476251,0.72500000,0.06250000,0.0000569941,NULL
HOL_TRRS,H,HOL_MBRU,H,100,0.46034865,0.58457335,5.15964188,7.13261357,0.70707071,0.05050505,0.0000377797,NULL
HOL_TRRS,H,HOL_MBUF,H,124,0.44676383,0.67059330,5.53829979,9.98475809,0.71544715,0.03252033,0.0000017630,NULL
HOL_TRRS,H,HOL_MRBR,H,138,0.37720843,0.62462669,4.76727794,9.32784891,0.70802920,0.05839416,0.0000011169,NULL
HOL_TRRS,H,HOL_TMB11,H,95,0.29229068,0.52880715,2.96327076,6.00845882,0.71276596,0.05319149,0.0000369633,NULL
HOL_TRRS,H,HOL_TRRB,H,101,0.14777387,0.63842961,1.49414268,8.25316057,0.73000000,0.06000000,0.0000042249,NULL
HOL_TRRS,H,SARR6_Q1,M,251,0.25879245,0.57738001,4.23618210,11.15881901,0.70800000,0.04000000,0.0000000000,NULL
HOL_TRRS,H,SILL_Q2,C,149,0.34159066,0.55345348,4.42159377,8.05670207,0.70270270,0.05405405,0.0000008140,NULL
HOL_TRRS,H,VFH_Q2,C,262,0.42128707,0.61943169,7.50457130,12.72279299,0.70498084,0.03831418,0.0000000000,NULL
HOL_WEDW,H,563_Q1,M,182,0.42794460,0.53442847,6.37018599,8.48319222,0.70718232,0.02209945,0.0000000248,NULL
HOL_WEDW,H,HOL_TRMB32,H,90,0.12963568,0.56052319,1.23338823,6.34938743,0.73033708,0.02247191,0.0000138648,NULL
HOL_WEDW,H,METZ_Q3,C,75,0.46827671,0.59361733,4.55902126,6.30243520,0.74324324,0.04054054,0.0000285273,NULL
HOL_WEDW,H,METZ_Q3,M,75,0.08320576,0.57988506,0.71825360,6.08144166,0.74324324,0.04054054,0.0000285273,NULL
HORB1_Q1,C,HOL_TRRB,H,51,0.46049476,0.57721109,3.66827480,4.94795793,0.82000000,0.02000000,0.0000060258,NULL
HORB1_Q1,C,HORB3_Q1,M,178,0.31334766,0.70840981,4.38990161,13.31552881,0.71186441,0.03954802,0.0000000173,NULL
HORB1_Q1,C,SAND_Q1,C,178,0.52465347,0.55415101,8.19914261,8.83169293,0.71751412,0.03954802,0.0000000071,NULL
HORB1_Q1,M,HOL_TRRB,H,51,0.61438498,0.57951773,5.50611227,4.97769948,0.78000000,0.04000000,0.0000750132,NULL
HORB1_Q1,M,HORB2_Q1,C,172,0.31136896,0.52013678,4.28467244,7.94039235,0.70175439,0.06432749,0.0000001316,NULL
HORB1_Q1,M,HORB2_Q1,M,172,0.31539079,0.54516315,4.34608584,8.47883064,0.70175439,0.05847953,0.0000001316,NULL
HORB1_Q1,M,HORB3_Q1,M,178,0.52614711,0.69406714,8.23140283,12.79026195,0.71186441,0.05649718,0.0000000173,NULL
HORB1_Q1,M,SAND_Q1,C,178,0.35214818,0.53290267,5.00566860,8.35493821,0.72316384,0.04519774,0.0000000029,NULL
HORB2_Q1,C,HORB1_Q1,M,172,0.31136896,0.52013678,4.28467244,7.94039235,0.70175439,0.06432749,0.0000001316,NULL
HORB2_Q1,M,HOL_TRRB,H,97,-0.17862897,0.54237467,-1.77880883,6.29232629,0.70833333,0.05208333,0.0000445571,NULL
HORB2_Q1,M,HORB1_Q1,M,172,0.31539079,0.54516315,4.34608584,8.47883064,0.70175439,0.05847953,0.0000001316,NULL
HORB2_Q1,M,HORB3_Q1,C,193,0.37382279,0.63987103,5.58473288,11.50734833,0.75520833,0.04687500,0.0000000000,NULL
HORB2_Q1,M,HORB3_Q1,M,193,0.52062529,0.61451769,8.44942611,10.76533228,0.72395833,0.05208333,0.0000000005,NULL
HORB3_Q1,C,HOL_TRRB,H,72,0.51493940,0.77015767,5.06162152,10.10200739,0.78873239,0.05633803,0.0000011399,NULL
HORB3_Q1,C,HORB2_Q1,M,193,0.37382279,0.63987103,5.58473288,11.50734833,0.75520833,0.04687500,0.0000000000,NULL
HORB3_Q1,M,068_Q1,C,233,0.18825694,0.58269451,2.91964817,10.89736063,0.70258621,0.03879310,0.0000000007,NULL
HORB3_Q1,M,HOL_TRRB,H,72,0.49325062,0.62657275,4.77786471,6.72637024,0.78873239,0.01408451,0.0000011399,NULL
HORB3_Q1,M,HORB1_Q1,C,178,0.31334766,0.70840981,4.38990161,13.31552881,0.71186441,0.03954802,0.0000000173,NULL
HORB3_Q1,M,HORB1_Q1,M,178,0.52614711,0.69406714,8.23140283,12.79026195,0.71186441,0.05649718,0.0000000173,NULL
HORB3_Q1,M,HORB2_Q1,M,193,0.52062529,0.61451769,8.44942611,10.76533228,0.72395833,0.05208333,0.0000000005,NULL
HRW_Q1,M,AZW_Q1,C,76,0.55129027,0.54555548,5.72244577,5.59979398,0.73333333,0.04000000,0.0000531213,NULL
HRW_Q1,M,AZW_Q1,M,76,0.72277943,0.58065250,9.05751063,6.13517462,0.74666667,0.01333333,0.0000193387,NULL
IALP_Q1,M,FLOR_Q1,C,133,0.35202173,0.50033837,4.32100112,6.61404041,0.73484848,0.04545455,0.0000000680,NULL
IALP_Q1,M,NOVY_Q1,C,109,0.37140973,0.55875004,4.15716935,6.96913493,0.71296296,0.02777778,0.0000095840,NULL
IJS_Q1,C,VDMM_Q1,M,137,0.43802325,0.53489753,5.68230439,7.35569080,0.70588235,0.02941176,0.0000015712,NULL
ILLA_Q1,C,FLEV1_Q2,C,150,0.63311285,0.59890601,9.98389292,9.09818963,0.73825503,0.07382550,0.0000000060,NULL
ILLA_Q1,C,FLEV1_Q2,M,150,0.46416307,0.58122801,6.39665124,8.68943081,0.70469799,0.02684564,0.0000005813,NULL
ILLA_Q1,C,HOL_TITE,H,84,0.50998606,0.51146776,5.40140407,5.38988042,0.75903614,0.03614458,0.0000023600,NULL
ILLA_Q1,C,HOL_TRRB,H,150,0.49393565,0.60561144,6.93417335,9.25854087,0.73154362,0.04697987,0.0000000158,NULL
ILLA_Q1,C,TROY_Q1,M,150,0.27231258,0.52123684,3.45455006,7.43031434,0.72483221,0.03355705,0.0000000405,NULL
ILLA_Q1,M,FLEV1_Q2,C,150,0.40785794,0.58896732,5.45267585,8.86597283,0.73154362,0.07382550,0.0000000158,NULL
ILLA_Q1,M,HOL_TITE,H,84,0.36677972,0.56636813,3.59184586,6.22297738,0.77108434,0.03614458,0.0000007837,NULL
ILLA_Q1,M,HOL_TRRB,H,150,0.31328981,0.60986841,4.02691411,9.36194844,0.72483221,0.04697987,0.0000000405,NULL
ILLA_Q1,M,TROY_Q1,M,150,0.04042319,0.56711682,0.49383149,8.37659172,0.72483221,0.03355705,0.0000000405,NULL
IWRD_Q1,C,VDMWL_Q3,M,82,0.36725259,0.51275149,3.55359402,5.34186457,0.74074074,0.01234568,0.0000146868,NULL
IWRD_Q1,M,RAT_Q1,C,84,0.37613222,0.58073271,3.69830921,6.45964289,0.73493976,0.06024096,0.0000186218,NULL
IWRD_Q1,M,VOW_Q1,M,76,0.04792916,0.50000567,0.41555625,4.96662995,0.73333333,0.02666667,0.0000531213,NULL
LANG_Q1,C,068_Q1,C,80,0.60038118,0.52136787,6.67276650,5.39601957,0.77215190,0.03797468,0.0000013123,NULL
LRC_Q1,C,C4CRH_Q1,C,133,0.76050072,0.74888511,13.45601243,12.93403318,0.70454545,0.08333333,0.0000026004,NULL
LRC_Q1,C,C4CRH_Q1,M,133,0.35644799,0.68794894,4.38318439,10.84924128,0.73484848,0.06060606,0.0000000680,NULL
LRC_Q1,M,C4CRH_Q1,M,133,0.80075558,0.67794552,15.35912466,10.55545223,0.72727273,0.04545455,0.0000001767,NULL
MAP_Q1,C,195_Q1,M,121,0.49693208,0.56842523,6.27297120,7.53679833,0.71666667,0.02500000,0.0000020653,NULL
MAP_Q1,C,HOL_PALZ,H,121,0.35926607,0.57191782,4.21711775,7.60551473,0.70000000,0.01666667,0.0000117713,NULL
MAP_Q1,C,HOL_TRRB,H,121,0.59169946,0.56987390,8.04028205,7.56522704,0.72500000,0.01666667,0.0000008244,NULL
MAP_Q1,C,VRIG_Q1,M,121,0.44858067,0.51425091,5.49817858,6.54099225,0.72500000,0.05000000,0.0000008244,NULL
MAP_Q1,M,195_Q1,M,121,0.66434758,0.62074313,9.73686333,8.63697329,0.70000000,0.06666667,0.0000117713,NULL
MAV_Q1,C,EMP_Q1,C,84,0.45777102,0.61669960,4.69084761,7.09408342,0.72289157,0.03614458,0.0000488049,NULL
MAV_Q1,C,EMP_Q1,M,84,0.40276995,0.59780853,4.00896301,6.75289876,0.74698795,0.02409639,0.0000067847,NULL
MAV_Q1,C,RAT_Q1,C,102,0.47695246,0.56485598,5.45358312,6.84516679,0.77227723,0.02970297,0.0000000443,NULL
MAV_Q1,C,RAT_Q1,M,102,0.30956693,0.56312707,3.27182901,6.81446382,0.77227723,0.00990099,0.0000000443,NULL
MAV_Q1,M,EMP_Q1,M,84,0.18097431,0.55643230,1.67643606,6.06420936,0.72289157,0.01204819,0.0000488049,NULL
MAV_Q1,M,RAT_Q1,C,102,0.15339742,0.56088040,1.56008926,6.77476198,0.77227723,0.01980198,0.0000000443,NULL
MAV_Q1,M,RAT_Q1,M,102,0.10801380,0.56174393,1.09191365,6.78999580,0.77227723,0.00000000,0.0000000443,NULL
MEK_Q1,C,388_Q1,M,99,0.24807902,0.50735622,2.53510489,5.79861673,0.70408163,0.04081633,0.0000533123,NULL
MEK_Q1,C,600_Q1,C,104,0.53904502,0.61928994,6.49514322,7.96589593,0.72815534,0.07766990,0.0000036382,NULL
MEK_Q1,C,600_Q1,M,104,0.38496865,0.62911109,4.23326426,8.17391577,0.72815534,0.05825243,0.0000036382,NULL
MEK_Q1,M,600_Q1,C,104,0.30311110,0.59753599,3.22810729,7.52619217,0.71844660,0.02912621,0.0000092508,NULL
MEK_Q1,M,600_Q1,M,104,0.43630326,0.59972984,4.92108922,7.56930170,0.73786408,0.00970874,0.0000013783,NULL
MEK_Q1,M,DMN1_Q1,C,186,0.26469240,0.54730705,3.73336414,8.87053542,0.72432432,0.03243243,0.0000000010,NULL
MEK_Q1,M,NOVY_Q2,M,85,0.15515846,0.56314987,1.43948353,6.20864009,0.71428571,0.01190476,0.0000856830,NULL
METZ_Q3,C,202_Q1,C,75,0.59959361,0.68050625,6.44491999,7.93491536,0.74324324,0.04054054,0.0000285273,NULL
METZ_Q3,C,HOL_MB253,H,75,0.42519290,0.59246517,4.04114078,6.28357668,0.72972973,0.02702703,0.0000773649,NULL
METZ_Q3,C,HOL_WEDW,H,75,0.46827671,0.59361733,4.55902126,6.30243520,0.74324324,0.04054054,0.0000285273,NULL
METZ_Q3,C,SARR2_Q1,C,72,0.63501953,0.69760240,6.92659789,8.14610167,0.73239437,0.05633803,0.0000898887,NULL
METZ_Q3,M,202_Q1,C,75,0.25932079,0.61650022,2.30977633,6.68997080,0.72972973,0.04054054,0.0000773649,NULL
METZ_Q3,M,HOL_MB253,H,75,0.15899651,0.56992107,1.38536266,5.92602057,0.72972973,0.02702703,0.0000773649,NULL
METZ_Q3,M,HOL_WEDW,H,75,0.08320576,0.57988506,0.71825360,6.08144166,0.74324324,0.04054054,0.0000285273,NULL
METZ_Q3,M,SARR2_Q1,C,72,0.31739752,0.67142775,2.82026779,7.58034662,0.74647887,0.05633803,0.0000327091,NULL
METZ_Q3,M,SARR2_Q1,M,72,0.00587766,0.68084388,0.04952686,7.77734343,0.74647887,0.04225352,0.0000327091,NULL
MMB_Q1,C,C4A_Q1,M,106,0.33042832,0.50795768,3.58738205,6.01379188,0.70476190,0.00952381,0.0000271227,NULL
MMB_Q1,M,C4A_Q1,M,106,0.40405032,0.53561880,4.52620239,6.46834913,0.71428571,0.00000000,0.0000112545,NULL
NEW_Q1,C,DEU_Q1,C,181,0.52617963,0.52484372,8.30157694,8.24946183,0.71111111,0.06111111,0.0000000147,NULL
NEW_Q1,C,DEU_Q1,M,181,0.45332434,0.57428363,6.82337360,9.38536753,0.70000000,0.05555556,0.0000000803,NULL
NEW_Q1,C,POM4_Q1,C,95,0.51020623,0.50662385,5.75155029,5.66677032,0.72340426,0.04255319,0.0000147782,NULL
NEW_Q1,C,POM4_Q1,M,95,0.35092560,0.50370288,3.63342354,5.62294725,0.73404255,0.03191489,0.0000056722,NULL
NEW_Q1,C,SWP_Q1,C,113,0.56589201,0.60390743,7.26378164,7.98259073,0.71428571,0.07142857,0.0000057447,NULL
NEW_Q1,M,DEU_Q1,M,181,0.49736510,0.54520970,7.69168322,8.70143288,0.70555556,0.03333333,0.0000000348,NULL
NEW_Q1,M,POM4_Q1,C,95,0.47127587,0.52099666,5.18056956,5.88630840,0.70212766,0.06382979,0.0000887694,NULL
NEW_Q1,M,POM4_Q1,M,95,0.49923800,0.50600643,5.58625288,5.65748554,0.71276596,0.03191489,0.0000369633,NULL
NEW_Q1,M,SWP_Q1,C,113,0.48233760,0.55516575,5.82724471,7.03228883,0.72321429,0.05357143,0.0000023062,NULL
NEW_Q1,M,VDMWL_Q1,M,123,-0.20164748,0.63686356,-2.27398096,9.08652716,0.73770492,0.04918033,0.0000001512,NULL
NOVY_Q1,C,IALP_Q1,M,109,0.37140973,0.55875004,4.15716935,6.96913493,0.71296296,0.02777778,0.0000095840,NULL
NOVY_Q2,M,600_Q1,C,85,0.38860348,0.61313291,3.86541135,7.07094904,0.72619048,0.03571429,0.0000338127,NULL
NOVY_Q2,M,600_Q1,M,85,0.40661761,0.59582995,4.07915749,6.75905536,0.72619048,0.01190476,0.0000338127,NULL
NOVY_Q2,M,MEK_Q1,M,85,0.15515846,0.56314987,1.43948353,6.20864009,0.71428571,0.01190476,0.0000856830,NULL
NWH_Q1,C,VEL_Q2,C,117,0.64279410,0.57483945,9.03753513,7.53357057,0.70689655,0.06896552,0.0000083236,NULL
NWH_Q1,C,VOW_Q1,M,71,0.41948529,0.63731017,3.86628345,6.86977053,0.74285714,0.07142857,0.0000482849,NULL
NWH_Q1,M,VOW_Q1,C,71,0.46227770,0.66652330,4.36172232,7.42679505,0.74285714,0.08571429,0.0000482849,NULL
NWH_Q1,M,VOW_Q1,M,71,0.60996396,0.63700082,6.44010203,6.86415790,0.78571429,0.02857143,0.0000017450,NULL
OFBG_Q1,C,HOL_TRRB,H,62,0.57289432,0.71127608,5.45911178,7.83812893,0.80327869,0.01639344,0.0000021652,NULL
OFBG_Q1,M,HOL_TRRB,H,62,0.56475522,0.70260447,5.34484585,7.64825631,0.77049180,0.01639344,0.0000238711,NULL
OSH_Q1,C,FLEV1_Q1,C,80,0.41936356,0.57573332,4.10587064,6.21881794,0.73417722,0.02531646,0.0000314334,NULL
OSH_Q1,C,OSND_Q1,C,214,0.57586563,0.52363115,10.28015430,8.94915042,0.71830986,0.07981221,0.0000000002,NULL
OSH_Q1,C,OSND_Q1,M,214,0.39233404,0.50713321,6.22503245,8.56740664,0.70892019,0.05164319,0.0000000011,NULL
OSND_Q1,C,EMP_Q1,M,155,0.34730139,0.58559227,4.59598034,8.93575744,0.70129870,0.03896104,0.0000005850,NULL
OSND_Q1,C,OSH_Q1,C,214,0.57586563,0.52363115,10.28015430,8.94915042,0.71830986,0.07981221,0.0000000002,NULL
OSND_Q1,M,BHC_Q1,C,184,0.37716209,0.54795774,5.50900965,8.83717970,0.74316940,0.03278689,0.0000000000,NULL
OSND_Q1,M,BHC_Q1,M,184,0.42186660,0.54412144,6.29444194,8.74915721,0.72677596,0.02732240,0.0000000008,NULL
OSND_Q1,M,DEU_Q1,C,59,0.46841711,0.62058829,4.03772310,5.97515653,0.75862069,0.00000000,0.0000817561,NULL
OSND_Q1,M,EMP_Q1,C,155,0.34855683,0.62377271,4.61488695,9.87152651,0.71428571,0.06493506,0.0000001047,NULL
OSND_Q1,M,EMP_Q1,M,155,0.08466987,0.59274888,1.05451209,9.10356837,0.72727273,0.03246753,0.0000000169,NULL
OSND_Q1,M,OSH_Q1,C,214,0.39233404,0.50713321,6.22503245,8.56740664,0.70892019,0.05164319,0.0000000011,NULL
OSND_Q1,M,VALK_Q2,C,192,0.38243888,0.53890028,5.72026020,8.81825271,0.70157068,0.04188482,0.0000000253,NULL
POM3_Q1,M,HOK_Q1,M,147,0.57907923,0.52315894,8.58246960,7.39193638,0.70547945,0.02054795,0.0000006848,NULL
POM4_Q1,C,DMN1_Q1,C,95,0.53240052,0.62443109,6.09788519,7.70957663,0.70212766,0.07446809,0.0000887694,NULL
POM4_Q1,C,NEW_Q1,C,95,0.51020623,0.50662385,5.75155029,5.66677032,0.72340426,0.04255319,0.0000147782,NULL
POM4_Q1,C,NEW_Q1,M,95,0.47127587,0.52099666,5.18056956,5.88630840,0.70212766,0.06382979,0.0000887694,NULL
POM4_Q1,M,DMN1_Q1,C,95,0.30055591,0.63293165,3.05526001,7.88389466,0.72340426,0.04255319,0.0000147782,NULL
POM4_Q1,M,NEW_Q1,C,95,0.35092560,0.50370288,3.63342354,5.62294725,0.73404255,0.03191489,0.0000056722,NULL
POM4_Q1,M,NEW_Q1,M,95,0.49923800,0.50600643,5.58625288,5.65748554,0.71276596,0.03191489,0.0000369633,NULL
POM4_Q1,M,SWP_Q1,C,89,0.28253303,0.52126732,2.76296467,5.69732266,0.80681818,0.01136364,0.0000000086,NULL
RAT_Q1,C,ALC_Q3,C,72,0.47964833,0.57341889,4.60600479,5.85595895,0.73239437,0.05633803,0.0000898887,NULL
RAT_Q1,C,IWRD_Q1,M,84,0.37613222,0.58073271,3.69830921,6.45964289,0.73493976,0.06024096,0.0000186218,NULL
RAT_Q1,C,MAV_Q1,C,102,0.47695246,0.56485598,5.45358312,6.84516679,0.77227723,0.02970297,0.0000000443,NULL
RAT_Q1,C,MAV_Q1,M,102,0.15339742,0.56088040,1.56008926,6.77476198,0.77227723,0.01980198,0.0000000443,NULL
RAT_Q1,M,MAV_Q1,C,102,0.30956693,0.56312707,3.27182901,6.81446382,0.77227723,0.00990099,0.0000000443,NULL
RAT_Q1,M,MAV_Q1,M,102,0.10801380,0.56174393,1.09191365,6.78999580,0.77227723,0.00000000,0.0000000443,NULL
SAND_Q1,C,HORB1_Q1,C,178,0.52465347,0.55415101,8.19914261,8.83169293,0.71751412,0.03954802,0.0000000071,NULL
SAND_Q1,C,HORB1_Q1,M,178,0.35214818,0.53290267,5.00566860,8.35493821,0.72316384,0.04519774,0.0000000029,NULL
SARR2_Q1,C,HOL_TRMB32,H,64,0.48729663,0.53596539,4.42926644,4.99881071,0.76190476,0.04761905,0.0000321596,NULL
SARR2_Q1,C,METZ_Q3,C,72,0.63501953,0.69760240,6.92659789,8.14610167,0.73239437,0.05633803,0.0000898887,NULL
SARR2_Q1,C,METZ_Q3,M,72,0.31739752,0.67142775,2.82026779,7.58034662,0.74647887,0.05633803,0.0000327091,NULL
SARR2_Q1,M,HOL_TRMB32,H,64,0.21655182,0.51250066,1.76060394,4.69954130,0.74603175,0.03174603,0.0000939791,NULL
SARR2_Q1,M,METZ_Q3,M,72,0.00587766,0.68084388,0.04952686,7.77734343,0.74647887,0.04225352,0.0000327091,NULL
SARR2_Q2,M,SARR6_Q1,M,151,0.69276712,0.55622476,11.76523066,8.17006959,0.72000000,0.02000000,0.0000000709,NULL
SARR6_Q1,C,HOL_MBRU,H,100,0.38588955,0.59608241,4.16191363,7.34928867,0.71717172,0.10101010,0.0000154858,NULL
SARR6_Q1,M,HOL_TRRS,H,251,0.25879245,0.57738001,4.23618210,11.15881901,0.70800000,0.04000000,0.0000000000,NULL
SARR6_Q1,M,SARR2_Q2,M,151,0.69276712,0.55622476,11.76523066,8.17006959,0.72000000,0.02000000,0.0000000709,NULL
SAUL_Q1,C,SILL_Q2,C,123,0.44990414,0.50247142,5.56430690,6.39281182,0.70491803,0.05737705,0.0000059887,NULL
SAUL_Q1,C,TROY_Q1,C,123,0.60769893,0.60782119,8.45193754,8.41991268,0.77049180,0.04918033,0.0000000023,NULL
SAUL_Q1,C,TROY_Q1,M,123,0.54472169,0.59140087,7.17448904,8.06744716,0.77049180,0.04098361,0.0000000023,NULL
SAUL_Q1,M,TROY_Q1,C,123,0.45582872,0.60864838,5.65664144,8.43810698,0.75409836,0.06557377,0.0000000199,NULL
SAUL_Q1,M,TROY_Q1,M,123,0.50168870,0.59215820,6.40580786,8.08335128,0.73770492,0.05737705,0.0000001512,NULL
SILL_Q2,C,C4A_Q1,M,123,0.26738448,0.52136136,3.06495335,6.72065273,0.70491803,0.04098361,0.0000059887,NULL
SILL_Q2,C,DAMP_Q1,M,188,0.33501192,0.57527605,4.86218590,9.59182080,0.71122995,0.03208556,0.0000000076,NULL
SILL_Q2,C,HOL_MBUF,H,118,0.26591847,0.57291060,2.98377743,7.52843030,0.70085470,0.05982906,0.0000139180,NULL
SILL_Q2,C,HOL_TRPB,H,68,0.40514271,0.62743798,3.62726111,6.54622990,0.77611940,0.04477612,0.0000061761,NULL
SILL_Q2,C,HOL_TRRS,H,149,0.34159066,0.55345348,4.42159377,8.05670207,0.70270270,0.05405405,0.0000008140,NULL
SILL_Q2,C,SAUL_Q1,C,123,0.44990414,0.50247142,5.56430690,6.39281182,0.70491803,0.05737705,0.0000059887,NULL
SILL_Q2,C,TROY_Q1,C,285,0.60060803,0.59863511,12.65925494,12.57219287,0.72535211,0.04929577,0.0000000000,NULL
SILL_Q2,C,TROY_Q1,M,285,0.40520138,0.58810576,7.46922998,12.23252417,0.70774648,0.04577465,0.0000000000,NULL
SILL_Q2,M,1TN_Q1,C,159,0.39246405,0.55734511,5.36352656,8.41102559,0.72151899,0.01265823,0.0000000256,NULL
SILL_Q2,M,DAMP_Q1,C,188,0.57066124,0.58316885,9.50293739,9.79054990,0.70588235,0.02673797,0.0000000179,NULL
SILL_Q2,M,DAMP_Q1,M,188,0.53953394,0.58199706,8.76286503,9.76078515,0.72727273,0.02673797,0.0000000005,NULL
SILL_Q2,M,FLEV1_Q1,C,80,0.58280378,0.71194598,6.37458892,8.95390228,0.72151899,0.02531646,0.0000822295,NULL
SILL_Q2,M,HOL_MBUF,H,118,0.38848348,0.61634129,4.56027494,8.42968203,0.70940171,0.01709402,0.0000058969,NULL
SILL_Q2,M,HOL_TRPB,H,68,0.37351410,0.59982038,3.29588607,6.09017937,0.80597015,0.01492537,0.0000005473,NULL
SILL_Q2,M,TROY_Q1,C,285,0.51105842,0.60143917,10.01983585,12.66433503,0.73239437,0.02816901,0.0000000000,NULL
SILL_Q2,M,TROY_Q1,M,285,0.33949385,0.59368750,6.08250246,12.41136221,0.72183099,0.02464789,0.0000000000,NULL
SPR_Q1,C,C5A_Q1,C,224,0.78229551,0.71771275,18.75425073,15.35699501,0.74439462,0.07174888,0.0000000000,NULL
SPR_Q1,C,C5A_Q1,M,224,0.58835658,0.64266345,10.86571868,12.49818844,0.73094170,0.04932735,0.0000000000,NULL
SPR_Q1,C,VDMWL_Q2,M,159,0.50119773,0.55745232,7.28038720,8.41337286,0.70886076,0.08227848,0.0000001515,NULL
SPR_Q1,C,VEL_Q2,C,117,0.69487533,0.63537709,10.40706691,8.82367569,0.73275862,0.06896552,0.0000005337,NULL
SPR_Q1,C,VEL_Q2,M,117,0.41906328,0.59779299,4.97099473,7.99677115,0.74137931,0.06896552,0.0000001999,NULL
SPR_Q1,M,C5A_Q1,C,224,0.53642265,0.70206944,9.49167997,14.68961419,0.77130045,0.05381166,0.0000000000,NULL
SPR_Q1,M,C5A_Q1,M,224,0.73774098,0.65319740,16.31919007,12.85338175,0.75784753,0.02242152,0.0000000000,NULL
SPR_Q1,M,VDMM_Q1,C,147,0.43048775,0.50008916,5.76293372,6.95387096,0.70547945,0.02739726,0.0000006848,NULL
SPR_Q1,M,VDMWL_Q2,M,159,0.61434791,0.59889304,9.78693073,9.37042500,0.74050633,0.04430380,0.0000000015,NULL
SPR_Q1,M,VEL_Q2,C,117,0.47837181,0.62129768,5.86708272,8.50292374,0.73275862,0.01724138,0.0000005337,NULL
SPR_Q1,M,VEL_Q2,M,117,0.43370769,0.55285022,5.18412521,7.11483964,0.74137931,0.01724138,0.0000001999,NULL
STF_Q1,C,CUY_Q1,M,102,0.32310623,0.57884208,3.43121869,7.09852741,0.71287129,0.04950495,0.0000188022,NULL
STF_Q1,M,202_Q1,C,93,0.15059548,0.52833275,1.46112456,5.93610276,0.71739130,0.02173913,0.0000304215,NULL
STF_Q1,M,202_Q1,M,93,0.42561765,0.54443959,4.51140140,6.19172899,0.71739130,0.07608696,0.0000304215,NULL
STF_Q1,M,CUY_Q1,M,102,0.72519028,0.54121348,10.58468917,6.43623484,0.70297030,0.02970297,0.0000451031,NULL
SWP_Q1,C,NEW_Q1,C,113,0.56589201,0.60390743,7.26378164,7.98259073,0.71428571,0.07142857,0.0000057447,NULL
SWP_Q1,C,NEW_Q1,M,113,0.48233760,0.55516575,5.82724471,7.03228883,0.72321429,0.05357143,0.0000023062,NULL
SWP_Q1,C,POM4_Q1,M,89,0.28253303,0.52126732,2.76296467,5.69732266,0.80681818,0.01136364,0.0000000086,NULL
SWP_Q1,C,VOW_Q1,M,52,0.44960453,0.50902166,3.59462487,4.18159877,0.80392157,0.00000000,0.0000141921,NULL
SWP_Q1,M,BGA_Q1,C,84,0.26695703,0.50131293,2.52368269,5.24645759,0.72289157,0.03614458,0.0000488049,NULL
TROY_Q1,C,HOL_MBUF,H,124,0.20565149,0.52006764,2.33060130,6.72540245,0.71544715,0.04065041,0.0000017630,NULL
TROY_Q1,C,HOL_TITE,H,84,0.52101536,0.58416997,5.56111631,6.51759463,0.72289157,0.02409639,0.0000488049,NULL
TROY_Q1,C,HOL_TRPB,H,68,0.24808461,0.58150777,2.09619036,5.80695056,0.76119403,0.05970149,0.0000190341,NULL
TROY_Q1,C,SAUL_Q1,C,123,0.60769893,0.60782119,8.45193754,8.41991268,0.77049180,0.04918033,0.0000000023,NULL
TROY_Q1,C,SAUL_Q1,M,123,0.45582872,0.60864838,5.65664144,8.43810698,0.75409836,0.06557377,0.0000000199,NULL
TROY_Q1,C,SILL_Q2,C,285,0.60060803,0.59863511,12.65925494,12.57219287,0.72535211,0.04929577,0.0000000000,NULL
TROY_Q1,C,SILL_Q2,M,285,0.51105842,0.60143917,10.01983585,12.66433503,0.73239437,0.02816901,0.0000000000,NULL
TROY_Q1,M,BOUX_Q1,C,193,0.43575362,0.50806032,6.70837407,8.15204712,0.72916667,0.03645833,0.0000000002,NULL
TROY_Q1,M,BOUX_Q1,M,193,0.23163127,0.50833188,3.29930614,8.15792207,0.72916667,0.03645833,0.0000000002,NULL
TROY_Q1,M,HOL_TRPB,H,68,0.35888884,0.58316855,3.14730422,5.83206354,0.79104478,0.01492537,0.0000018922,NULL
TROY_Q1,M,ILLA_Q1,C,150,0.27231258,0.52123684,3.45455006,7.43031434,0.72483221,0.03355705,0.0000000405,NULL
TROY_Q1,M,ILLA_Q1,M,150,0.04042319,0.56711682,0.49383149,8.37659172,0.72483221,0.03355705,0.0000000405,NULL
TROY_Q1,M,SAUL_Q1,C,123,0.54472169,0.59140087,7.17448904,8.06744716,0.77049180,0.04098361,0.0000000023,NULL
TROY_Q1,M,SAUL_Q1,M,123,0.50168870,0.59215820,6.40580786,8.08335128,0.73770492,0.05737705,0.0000001512,NULL
TROY_Q1,M,SILL_Q2,C,285,0.40520138,0.58810576,7.46922998,12.23252417,0.70774648,0.04577465,0.0000000000,NULL
TROY_Q1,M,SILL_Q2,M,285,0.33949385,0.59368750,6.08250246,12.41136221,0.72183099,0.02464789,0.0000000000,NULL
VALK_Q1,C,VDM2W_Q1,M,127,0.29013213,0.60043457,3.40310414,8.39475027,0.71428571,0.03968254,0.0000015040,NULL
VALK_Q1,C,VDMLR_Q2,C,122,0.52537618,0.52611450,6.79203349,6.77704902,0.73553719,0.04132231,0.0000002197,NULL
VALK_Q1,C,VNW_Q1,C,126,0.75946221,0.75102569,13.05207472,12.66607668,0.76800000,0.05600000,0.0000000021,NULL
VALK_Q1,C,VNW_Q1,M,126,0.67409341,0.84137006,10.20325343,17.33543651,0.83200000,0.04800000,0.0000000000,NULL
VALK_Q1,C,VRW_Q1,C,127,0.55710587,0.57556699,7.53032934,7.86915086,0.71428571,0.05555556,0.0000015040,NULL
VALK_Q1,M,VDM2W_Q1,M,127,0.09394191,0.56212245,1.05917932,7.59892333,0.70634921,0.02380952,0.0000036123,NULL
VALK_Q1,M,VDMLR_Q2,C,122,0.43657977,0.53211074,5.33795861,6.88455745,0.75206612,0.03305785,0.0000000293,NULL
VALK_Q1,M,VDMWL_Q3,M,98,0.27295569,0.62341049,2.79441515,7.81198574,0.73195876,0.00000000,0.0000048992,NULL
VALK_Q1,M,VNW_Q1,C,126,0.59853505,0.69574419,8.35333115,10.78600994,0.72800000,0.04000000,0.0000003428,NULL
VALK_Q1,M,VNW_Q1,M,126,0.76355613,0.86274853,13.22017790,19.00025637,0.84000000,0.03200000,0.0000000000,NULL
VALK_Q1,M,VRW_Q1,C,127,0.43599460,0.55283047,5.43811452,7.41735148,0.70634921,0.03968254,0.0000036123,NULL
VALK_Q2,C,195_Q1,C,152,0.54021587,0.58867499,7.88838372,8.91889667,0.72847682,0.04635762,0.0000000196,NULL
VALK_Q2,C,195_Q1,M,152,0.46014756,0.57984692,6.36868386,8.71661168,0.70198675,0.05960265,0.0000006902,NULL
VALK_Q2,C,1TN_Q1,C,207,0.55043574,0.61478135,9.46275217,11.16058870,0.72330097,0.05825243,0.0000000001,NULL
VALK_Q2,C,HOL_MBUF,H,124,0.21164266,0.57018774,2.40163462,7.66624331,0.71544715,0.02439024,0.0000017630,NULL
VALK_Q2,C,HOL_MRBR,H,138,0.18890683,0.62421385,2.25163850,9.31774601,0.74452555,0.04379562,0.0000000104,NULL
VALK_Q2,C,HOL_TRRB,H,81,0.55273128,0.74678447,5.93234808,9.98030909,0.76250000,0.06250000,0.0000026564,NULL
VALK_Q2,C,OSND_Q1,M,192,0.38243888,0.53890028,5.72026020,8.81825271,0.70157068,0.04188482,0.0000000253,NULL
VALK_Q2,C,VDM2W_Q1,C,207,0.61540689,0.63827494,11.20609365,11.87140258,0.70388350,0.09708738,0.0000000048,NULL
VALK_Q2,C,VDMLR_Q1,C,207,0.56339577,0.58164699,9.78743196,10.23788371,0.71359223,0.07281553,0.0000000009,NULL
VALK_Q2,C,VDMLR_Q1,M,207,0.40436015,0.63934740,6.34557296,11.90512069,0.72815534,0.05339806,0.0000000001,NULL
VALK_Q2,C,VFH_Q2,C,207,0.50909603,0.56200105,8.48939246,9.72829787,0.70873786,0.06310680,0.0000000021,NULL
VALK_Q2,C,VNW_Q1,C,207,0.83764136,0.84460929,22.01018269,22.58749423,0.89320388,0.03398058,0.0000000000,NULL
VALK_Q2,C,VNW_Q1,M,207,0.51296135,0.74823750,8.57674756,16.14807146,0.81067961,0.06310680,0.0000000000,NULL
VALK_Q2,M,195_Q1,C,152,0.24217378,0.58238124,3.06718240,8.77419829,0.70860927,0.07284768,0.0000002946,NULL
VALK_Q2,M,195_Q1,M,152,0.15119577,0.58859849,1.87953216,8.91712306,0.70198675,0.07284768,0.0000006902,NULL
VALK_Q2,M,1TN_Q1,C,207,0.34013543,0.62454454,5.19139088,11.44973195,0.73300971,0.05825243,0.0000000000,NULL
VALK_Q2,M,HOL_MRBR,H,138,0.33044474,0.64199518,4.09795795,9.76496841,0.71532847,0.08759124,0.0000004638,NULL
VALK_Q2,M,HOL_TRRB,H,81,0.16074801,0.71737760,1.45671786,9.15219303,0.76250000,0.07500000,0.0000026564,NULL
VALK_Q2,M,VDM2W_Q1,C,207,0.36053227,0.64303837,5.54771341,12.02206847,0.70388350,0.08737864,0.0000000048,NULL
VALK_Q2,M,VDMLR_Q1,C,207,0.36455101,0.61154254,5.61896960,11.06651775,0.70388350,0.07281553,0.0000000048,NULL
VALK_Q2,M,VDMLR_Q1,M,207,0.66728956,0.67431885,12.85905974,13.07455244,0.71844660,0.05339806,0.0000000004,NULL
VALK_Q2,M,VNW_Q1,C,207,0.52787217,0.84109935,8.92049736,22.26500426,0.83980583,0.07281553,0.0000000000,NULL
VALK_Q2,M,VNW_Q1,M,207,0.77991284,0.81638318,17.88475348,20.24002342,0.83980583,0.02427184,0.0000000000,NULL
VDM2W_Q1,C,1TN_Q1,C,255,0.57100345,0.57080970,11.08511283,11.05770173,0.70472441,0.06299213,0.0000000001,NULL
VDM2W_Q1,C,VALK_Q2,C,207,0.61540689,0.63827494,11.20609365,11.87140258,0.70388350,0.09708738,0.0000000048,NULL
VDM2W_Q1,C,VALK_Q2,M,207,0.36053227,0.64303837,5.54771341,12.02206847,0.70388350,0.08737864,0.0000000048,NULL
VDM2W_Q1,C,VDMLR_Q1,M,235,0.31656733,0.67079298,5.10510427,13.80608685,0.70512821,0.07692308,0.0000000003,NULL
VDM2W_Q1,C,VNW_Q1,M,227,0.44635851,0.69782686,7.49869607,14.61383885,0.70353982,0.07964602,0.0000000009,NULL
VDM2W_Q1,M,HOK_Q1,C,83,0.32436980,0.53461187,3.10519000,5.69343254,0.71951220,0.03658537,0.0000702212,NULL
VDM2W_Q1,M,HOK_Q1,M,83,-0.30070146,0.51023359,-2.85510670,5.33943117,0.73170732,0.01219512,0.0000271194,NULL
VDM2W_Q1,M,VALK_Q1,C,127,0.29013213,0.60043457,3.40310414,8.39475027,0.71428571,0.03968254,0.0000015040,NULL
VDM2W_Q1,M,VALK_Q1,M,127,0.09394191,0.56212245,1.05917932,7.59892333,0.70634921,0.02380952,0.0000036123,NULL
VDM2W_Q1,M,VDMLR_Q2,C,122,0.32194854,0.62711899,3.74059371,8.81953703,0.74380165,0.04132231,0.0000000816,NULL
VDM2W_Q1,M,VDMLR_Q2,M,122,0.38824803,0.62537320,4.63426349,8.77917932,0.71900826,0.03305785,0.0000014487,NULL
VDM2W_Q1,M,VDMWL_Q1,C,123,0.31672990,0.52940756,3.68828452,6.86433916,0.72131148,0.04098361,0.0000010139,NULL
VDM2W_Q1,M,VDMWL_Q1,M,123,-0.32883814,0.60009779,-3.84602778,8.25210119,0.72131148,0.04098361,0.0000010139,NULL
VDM2W_Q1,M,VDMWL_Q3,M,98,0.24835692,0.58680843,2.52514845,7.10058257,0.71134021,0.02061856,0.0000314204,NULL
VDM2W_Q1,M,VNW_Q1,M,227,0.20975626,0.70249813,3.22507400,14.80635835,0.72566372,0.05752212,0.0000000000,NULL
VDM2W_Q1,M,VRW_Q1,C,167,0.30176148,0.59127801,4.07802823,9.41773925,0.72891566,0.04819277,0.0000000037,NULL
VDM2W_Q1,M,VRW_Q1,M,167,0.73445724,0.59771633,13.94349131,9.57681404,0.70481928,0.04216867,0.0000001307,NULL
VDMLR_Q1,C,VALK_Q2,C,207,0.56339577,0.58164699,9.78743196,10.23788371,0.71359223,0.07281553,0.0000000009,NULL
VDMLR_Q1,C,VALK_Q2,M,207,0.36455101,0.61154254,5.61896960,11.06651775,0.70388350,0.07281553,0.0000000048,NULL
VDMLR_Q1,C,VNW_Q1,C,208,0.59779333,0.62220165,10.72880372,11.40728573,0.71497585,0.07729469,0.0000000006,NULL
VDMLR_Q1,M,VALK_Q2,C,207,0.40436015,0.63934740,6.34557296,11.90512069,0.72815534,0.05339806,0.0000000001,NULL
VDMLR_Q1,M,VALK_Q2,M,207,0.66728956,0.67431885,12.85905974,13.07455244,0.71844660,0.05339806,0.0000000004,NULL
VDMLR_Q1,M,VDM2W_Q1,C,235,0.31656733,0.67079298,5.10510427,13.80608685,0.70512821,0.07692308,0.0000000003,NULL
VDMLR_Q1,M,VNW_Q1,C,208,0.43618144,0.68095250,6.97393685,13.34581283,0.72946860,0.05797101,0.0000000000,NULL
VDMLR_Q1,M,VNW_Q1,M,208,0.44727325,0.66323622,7.19494676,12.71927001,0.70531401,0.04830918,0.0000000035,NULL
VDMLR_Q2,C,068_Q3,C,89,0.63586421,0.62464008,7.72859252,7.46082659,0.75000000,0.06818182,0.0000027265,NULL
VDMLR_Q2,C,068_Q3,M,89,0.39240210,0.62791099,4.00204706,7.52521593,0.76136364,0.04545455,0.0000009409,NULL
VDMLR_Q2,C,VALK_Q1,C,122,0.52537618,0.52611450,6.79203349,6.77704902,0.73553719,0.04132231,0.0000002197,NULL
VDMLR_Q2,C,VALK_Q1,M,122,0.43657977,0.53211074,5.33795861,6.88455745,0.75206612,0.03305785,0.0000000293,NULL
VDMLR_Q2,C,VDM2W_Q1,M,122,0.32194854,0.62711899,3.74059371,8.81953703,0.74380165,0.04132231,0.0000000816,NULL
VDMLR_Q2,C,VNW_Q1,M,121,0.49561657,0.63330772,6.25094821,8.92695544,0.74166667,0.05000000,0.0000001192,NULL
VDMLR_Q2,M,068_Q3,C,89,0.37477352,0.56184878,3.79206674,6.33501379,0.71590909,0.05681818,0.0000510399,NULL
VDMLR_Q2,M,068_Q3,M,89,0.57016309,0.59707438,6.51052790,6.94245458,0.71590909,0.03409091,0.0000510399,NULL
VDMLR_Q2,M,VDM2W_Q1,M,122,0.38824803,0.62537320,4.63426349,8.77917932,0.71900826,0.03305785,0.0000014487,NULL
VDMM_Q1,C,ALC_Q1,C,177,0.50784928,0.57220863,7.82101554,9.23001346,0.71022727,0.03977273,0.0000000243,NULL
VDMM_Q1,C,ALC_Q1,M,177,0.39507505,0.55373390,5.70540395,8.79700562,0.71590909,0.03409091,0.0000000101,NULL
VDMM_Q1,C,SPR_Q1,M,147,0.43048775,0.50008916,5.76293372,6.95387096,0.70547945,0.02739726,0.0000006848,NULL
VDMM_Q1,M,ALC_Q1,C,177,0.41895283,0.54264079,6.12113253,8.54614661,0.72159091,0.03409091,0.0000000041,NULL
VDMM_Q1,M,ALC_Q1,M,177,0.26185731,0.54556662,3.59952962,8.61167909,0.73295455,0.02840909,0.0000000006,NULL
VDMM_Q1,M,IJS_Q1,C,137,0.43802325,0.53489753,5.68230439,7.35569080,0.70588235,0.02941176,0.0000015712,NULL
VDMWL_Q1,C,VDM2W_Q1,M,123,0.31672990,0.52940756,3.68828452,6.86433916,0.72131148,0.04098361,0.0000010139,NULL
VDMWL_Q1,C,VNW_Q1,C,122,0.62892965,0.61202749,8.89847245,8.47763778,0.70247934,0.02479339,0.0000084071,NULL
VDMWL_Q1,M,NEW_Q1,M,123,-0.20164748,0.63686356,-2.27398096,9.08652716,0.73770492,0.04918033,0.0000001512,NULL
VDMWL_Q1,M,VDM2W_Q1,M,123,-0.32883814,0.60009779,-3.84602778,8.25210119,0.72131148,0.04098361,0.0000010139,NULL
VDMWL_Q2,M,C5A_Q1,C,159,0.52788169,0.60520679,7.81258675,9.52584002,0.72151899,0.05063291,0.0000000256,NULL
VDMWL_Q2,M,C5A_Q1,M,159,0.54992471,0.63173639,8.27625557,10.21130661,0.74683544,0.03797468,0.0000000005,NULL
VDMWL_Q2,M,SPR_Q1,C,159,0.50119773,0.55745232,7.28038720,8.41337286,0.70886076,0.08227848,0.0000001515,NULL
VDMWL_Q2,M,SPR_Q1,M,159,0.61434791,0.59889304,9.78693073,9.37042500,0.74050633,0.04430380,0.0000000015,NULL
VDMWL_Q3,M,IWRD_Q1,C,82,0.36725259,0.51275149,3.55359402,5.34186457,0.74074074,0.01234568,0.0000146868,NULL
VDMWL_Q3,M,VALK_Q1,M,98,0.27295569,0.62341049,2.79441515,7.81198574,0.73195876,0.00000000,0.0000048992,NULL
VDMWL_Q3,M,VDM2W_Q1,M,98,0.24835692,0.58680843,2.52514845,7.10058257,0.71134021,0.02061856,0.0000314204,NULL
VDMWL_Q3,M,VNW_Q1,C,97,0.45445789,0.58652045,4.99878600,7.05821861,0.70833333,0.03125000,0.0000445571,NULL
VDMWL_Q3,M,VNW_Q1,M,97,0.38911865,0.57736723,4.13875344,6.89232815,0.71875000,0.03125000,0.0000181423,NULL
VEL_Q1,M,DIF_Q1,C,109,0.29369770,0.50785763,3.19301320,6.09829354,0.71296296,0.05555556,0.0000095840,NULL
VEL_Q1,M,DIF_Q1,M,109,0.07422844,0.51391121,0.77353859,6.19686422,0.72222222,0.02777778,0.0000038596,NULL
VEL_Q2,C,ALC_Q1,C,117,0.72185648,0.67032692,11.23432288,9.68708473,0.75000000,0.04310345,0.0000000724,NULL
VEL_Q2,C,ALC_Q1,M,117,0.48808589,0.71384824,6.02299764,10.93126482,0.78448276,0.03448276,0.0000000009,NULL
VEL_Q2,C,C5A_Q1,C,117,0.66577832,0.67553246,9.61020687,9.82501211,0.70689655,0.03448276,0.0000083236,NULL
VEL_Q2,C,C5A_Q1,M,117,0.38810393,0.62404024,4.53552134,8.56431111,0.71551724,0.01724138,0.0000034441,NULL
VEL_Q2,C,NWH_Q1,C,117,0.64279410,0.57483945,9.03753513,7.53357057,0.70689655,0.06896552,0.0000083236,NULL
VEL_Q2,C,SPR_Q1,C,117,0.69487533,0.63537709,10.40706691,8.82367569,0.73275862,0.06896552,0.0000005337,NULL
VEL_Q2,C,SPR_Q1,M,117,0.47837181,0.62129768,5.86708272,8.50292374,0.73275862,0.01724138,0.0000005337,NULL
VEL_Q2,M,ALC_Q1,C,117,0.47705418,0.63696406,5.84615249,8.86072924,0.75000000,0.04310345,0.0000000724,NULL
VEL_Q2,M,ALC_Q1,M,117,0.67598949,0.67011020,9.87992715,9.68139951,0.78448276,0.03448276,0.0000000009,NULL
VEL_Q2,M,C5A_Q1,C,117,0.39804030,0.59386520,4.67317978,7.91545539,0.71551724,0.03448276,0.0000034441,NULL
VEL_Q2,M,C5A_Q1,M,117,0.53673076,0.55895232,6.85125068,7.22877151,0.72413793,0.01724138,0.0000013786,NULL
VEL_Q2,M,SPR_Q1,C,117,0.41906328,0.59779299,4.97099473,7.99677115,0.74137931,0.06896552,0.0000001999,NULL
VEL_Q2,M,SPR_Q1,M,117,0.43370769,0.55285022,5.18412521,7.11483964,0.74137931,0.01724138,0.0000001999,NULL
VEN_Q1,C,1TN_Q1,C,180,0.69472040,0.72285040,12.92226523,13.95653204,0.75418994,0.06145251,0.0000000000,NULL
VEN_Q1,C,HOL_TRRB,H,68,0.36624370,0.64958998,3.22167950,6.94120736,0.76119403,0.02985075,0.0000190341,NULL
VEN_Q1,M,1TN_Q1,C,180,0.43423744,0.71374562,6.44950158,13.59578245,0.75418994,0.04469274,0.0000000000,NULL
VEND_Q1,C,DAMP_Q1,M,220,0.35641228,0.53556540,5.64514342,9.36363154,0.71689498,0.04566210,0.0000000001,NULL
VEND_Q1,C,HOL_TITE,H,84,0.44264638,0.55807446,4.49728705,6.09018414,0.72289157,0.04819277,0.0000488049,NULL
VEND_Q1,M,WARC_Q1,M,104,0.34240265,0.54629306,3.69857391,6.58706811,0.70873786,0.00970874,0.0000226611,NULL
VEND_Q3,C,HOL_MBUF,H,78,0.38104095,0.55025297,3.61645256,5.74491699,0.72727273,0.00000000,0.0000664587,NULL
VEND_Q3,C,HOL_TITE,H,84,0.49753896,0.54018957,5.22547622,5.81268273,0.72289157,0.01204819,0.0000488049,NULL
VEND_Q3,M,HOL_MBUF,H,78,0.20673146,0.51767625,1.85411430,5.27480175,0.72727273,0.02597403,0.0000664587,NULL
VFH_Q1,C,BECRWE,B,170,0.34158907,0.53078439,4.72486104,8.11763540,0.72781065,0.04733728,0.0000000032,NULL
VFH_Q2,C,068_Q1,C,233,0.70638978,0.71416617,15.20070374,15.50679297,0.75431034,0.03879310,0.0000000000,NULL
VFH_Q2,C,068_Q1,M,233,0.27029570,0.63679330,4.27619266,12.55251145,0.70689655,0.04741379,0.0000000003,NULL
VFH_Q2,C,202_Q1,C,101,0.57800626,0.62868280,7.08312938,8.04374671,0.71000000,0.04000000,0.0000266915,NULL
VFH_Q2,C,C4A_Q1,C,302,0.58865499,0.63305889,12.63357222,14.16464292,0.73754153,0.03322259,0.0000000000,NULL
VFH_Q2,C,C4A_Q1,M,302,0.34301861,0.60361474,6.33553624,13.11329095,0.73754153,0.03986711,0.0000000000,NULL
VFH_Q2,C,DMN1_Q3,C,216,0.66113343,0.67505554,12.92086901,13.38527265,0.73023256,0.04651163,0.0000000000,NULL
VFH_Q2,C,DMN1_Q3,M,216,0.38160720,0.64988542,6.05356605,12.50868582,0.71627907,0.08372093,0.0000000002,NULL
VFH_Q2,C,HOL_KBMB,H,313,0.40948669,0.64786564,7.92814809,14.99857635,0.70192308,0.04166667,0.0000000000,NULL
VFH_Q2,C,HOL_MBUF,H,124,0.34270367,0.68484569,4.04576469,10.38080311,0.73983740,0.04065041,0.0000001039,NULL
VFH_Q2,C,HOL_MRBR,H,138,0.38903449,0.68159357,4.94291932,10.86284294,0.75182482,0.05839416,0.0000000037,NULL
VFH_Q2,C,HOL_TRRB,H,98,0.48266596,0.72639419,5.42781899,10.35560160,0.77319588,0.05154639,0.0000000739,NULL
VFH_Q2,C,HOL_TRRS,H,262,0.42128707,0.61943169,7.50457130,12.72279299,0.70498084,0.03831418,0.0000000000,NULL
VFH_Q2,C,VALK_Q2,C,207,0.50909603,0.56200105,8.48939246,9.72829787,0.70873786,0.06310680,0.0000000021,NULL
VFH_Q2,M,068_Q1,C,233,0.37708002,0.73510746,6.20128650,16.48005911,0.74568966,0.06896552,0.0000000000,NULL
VFH_Q2,M,068_Q1,M,233,0.75753800,0.67441923,17.67560181,13.88271660,0.70689655,0.06896552,0.0000000003,NULL
VFH_Q2,M,195_Q1,M,169,0.16942065,0.59790842,2.22815316,9.63949930,0.70238095,0.04166667,0.0000001552,NULL
VFH_Q2,M,C4A_Q1,M,302,0.72912083,0.60918041,18.48341776,13.30503513,0.70764120,0.06312292,0.0000000000,NULL
VFH_Q2,M,DMN1_Q3,C,216,0.37091946,0.66533500,5.85652169,13.03740958,0.73023256,0.06046512,0.0000000000,NULL
VFH_Q2,M,DMN1_Q3,M,216,0.75881506,0.65680814,17.08323019,12.74209443,0.71162791,0.08837209,0.0000000005,NULL
VFH_Q2,M,HOL_MBRU,H,100,0.72037828,0.73382222,10.33429326,10.69339746,0.71717172,0.08080808,0.0000154858,NULL
VFH_Q2,M,HOL_MBUF,H,124,0.83146221,0.65900128,16.59768233,9.67757263,0.72357724,0.02439024,0.0000007079,NULL
VFH_Q2,M,HOL_MRBR,H,138,0.82078457,0.67473091,16.81792800,10.66120131,0.75182482,0.05839416,0.0000000037,NULL
VFH_Q2,M,HOL_TRRB,H,98,-0.18718544,0.72813751,-1.87673482,10.40842999,0.79381443,0.03092784,0.0000000071,NULL
VIGN_Q1,C,FLEV1_Q2,M,63,0.37588378,0.53412670,3.19393317,4.93451734,0.75806452,0.03225806,0.0000482380,NULL
VIGN_Q1,M,FLEV1_Q2,M,63,0.50444571,0.51071676,4.60019664,4.63952297,0.75806452,0.01612903,0.0000482380,NULL
VIGO_Q1,C,FLEV1_Q1,C,61,0.72394278,0.77454568,8.12865863,9.40589580,0.80000000,0.05000000,0.0000033585,NULL
VIGO_Q1,C,FLEV1_Q1,M,61,0.55372559,0.69010102,5.15088760,7.32440357,0.80000000,0.03333333,0.0000033585,NULL
VNW_Q1,C,1TN_Q1,C,227,0.62363921,0.64119182,11.99335486,12.53338546,0.72566372,0.04867257,0.0000000000,NULL
VNW_Q1,C,HOL_MRBR,H,138,0.22279353,0.60033426,2.67496492,8.75404491,0.75182482,0.04379562,0.0000000037,NULL
VNW_Q1,C,VALK_Q1,C,126,0.75946221,0.75102569,13.05207472,12.66607668,0.76800000,0.05600000,0.0000000021,NULL
VNW_Q1,C,VALK_Q1,M,126,0.59853505,0.69574419,8.35333115,10.78600994,0.72800000,0.04000000,0.0000003428,NULL
VNW_Q1,C,VALK_Q2,C,207,0.83764136,0.84460929,22.01018269,22.58749423,0.89320388,0.03398058,0.0000000000,NULL
VNW_Q1,C,VALK_Q2,M,207,0.52787217,0.84109935,8.92049736,22.26500426,0.83980583,0.07281553,0.0000000000,NULL
VNW_Q1,C,VDMLR_Q1,C,208,0.59779333,0.62220165,10.72880372,11.40728573,0.71497585,0.07729469,0.0000000006,NULL
VNW_Q1,C,VDMLR_Q1,M,208,0.43618144,0.68095250,6.97393685,13.34581283,0.72946860,0.05797101,0.0000000000,NULL
VNW_Q1,C,VDMWL_Q1,C,122,0.62892965,0.61202749,8.89847245,8.47763778,0.70247934,0.02479339,0.0000084071,NULL
VNW_Q1,C,VDMWL_Q3,M,97,0.45445789,0.58652045,4.99878600,7.05821861,0.70833333,0.03125000,0.0000445571,NULL
VNW_Q1,C,VRW_Q1,C,166,0.59986227,0.62254605,9.63046965,10.18738934,0.72727273,0.06060606,0.0000000053,NULL
VNW_Q1,M,1TN_Q1,C,227,0.40671989,0.63199271,6.69292454,12.23252221,0.70353982,0.05309735,0.0000000009,NULL
VNW_Q1,M,HOL_MRBR,H,138,0.02450044,0.60024948,0.28685646,8.75211222,0.74452555,0.06569343,0.0000000104,NULL
VNW_Q1,M,HOL_TRRB,H,81,0.16493729,0.66125322,1.49572935,7.83476251,0.72500000,0.06250000,0.0000569941,NULL
VNW_Q1,M,VALK_Q1,C,126,0.67409341,0.84137006,10.20325343,17.33543651,0.83200000,0.04800000,0.0000000000,NULL
VNW_Q1,M,VALK_Q1,M,126,0.76355613,0.86274853,13.22017790,19.00025637,0.84000000,0.03200000,0.0000000000,NULL
VNW_Q1,M,VALK_Q2,C,207,0.51296135,0.74823750,8.57674756,16.14807146,0.81067961,0.06310680,0.0000000000,NULL
VNW_Q1,M,VALK_Q2,M,207,0.77991284,0.81638318,17.88475348,20.24002342,0.83980583,0.02427184,0.0000000000,NULL
VNW_Q1,M,VDM2W_Q1,C,227,0.44635851,0.69782686,7.49869607,14.61383885,0.70353982,0.07964602,0.0000000009,NULL
VNW_Q1,M,VDM2W_Q1,M,227,0.20975626,0.70249813,3.22507400,14.80635835,0.72566372,0.05752212,0.0000000000,NULL
VNW_Q1,M,VDMLR_Q1,M,208,0.44727325,0.66323622,7.19494676,12.71927001,0.70531401,0.04830918,0.0000000035,NULL
VNW_Q1,M,VDMLR_Q2,C,121,0.49561657,0.63330772,6.25094821,8.92695544,0.74166667,0.05000000,0.0000001192,NULL
VNW_Q1,M,VDMWL_Q3,M,97,0.38911865,0.57736723,4.13875344,6.89232815,0.71875000,0.03125000,0.0000181423,NULL
VNW_Q1,M,VRW_Q1,C,166,0.45705737,0.62522467,6.60081249,10.25925503,0.73333333,0.05454545,0.0000000020,NULL
VNW_Q1,M,VRW_Q1,M,166,0.57167526,0.61048039,8.95000702,9.87077518,0.72121212,0.04848485,0.0000000132,NULL
VOW_Q1,C,NWH_Q1,M,71,0.46227770,0.66652330,4.36172232,7.42679505,0.74285714,0.08571429,0.0000482849,NULL
VOW_Q1,M,ALC_Q1,C,78,0.49580645,0.53475893,5.00980929,5.51703499,0.75324675,0.01298701,0.0000088112,NULL
VOW_Q1,M,IWRD_Q1,M,76,0.04792916,0.50000567,0.41555625,4.96662995,0.73333333,0.02666667,0.0000531213,NULL
VOW_Q1,M,NWH_Q1,C,71,0.41948529,0.63731017,3.86628345,6.86977053,0.74285714,0.07142857,0.0000482849,NULL
VOW_Q1,M,NWH_Q1,M,71,0.60996396,0.63700082,6.44010203,6.86415790,0.78571429,0.02857143,0.0000017450,NULL
VOW_Q1,M,SWP_Q1,C,52,0.44960453,0.50902166,3.59462487,4.18159877,0.80392157,0.00000000,0.0000141921,NULL
VRIG_Q1,M,563_Q1,C,96,0.48720121,0.54738677,5.43765684,6.34154615,0.70526316,0.05263158,0.0000629913,NULL
VRIG_Q1,M,563_Q1,M,96,0.48617626,0.52818123,5.42267162,6.03075731,0.70526316,0.05263158,0.0000629913,NULL
VRIG_Q1,M,MAP_Q1,C,121,0.44858067,0.51425091,5.49817858,6.54099225,0.72500000,0.05000000,0.0000008244,NULL
VRW_Q1,C,1GDGem,M,167,0.31385879,0.54951644,4.25899604,8.44860666,0.70481928,0.04216867,0.0000001307,NULL
VRW_Q1,C,VALK_Q1,C,127,0.55710587,0.57556699,7.53032934,7.86915086,0.71428571,0.05555556,0.0000015040,NULL
VRW_Q1,C,VALK_Q1,M,127,0.43599460,0.55283047,5.43811452,7.41735148,0.70634921,0.03968254,0.0000036123,NULL
VRW_Q1,C,VDM2W_Q1,M,167,0.30176148,0.59127801,4.07802823,9.41773925,0.72891566,0.04819277,0.0000000037,NULL
VRW_Q1,C,VNW_Q1,C,166,0.59986227,0.62254605,9.63046965,10.18738934,0.72727273,0.06060606,0.0000000053,NULL
VRW_Q1,C,VNW_Q1,M,166,0.45705737,0.62522467,6.60081249,10.25925503,0.73333333,0.05454545,0.0000000020,NULL
VRW_Q1,M,VDM2W_Q1,M,167,0.73445724,0.59771633,13.94349131,9.57681404,0.70481928,0.04216867,0.0000001307,NULL
VRW_Q1,M,VNW_Q1,M,166,0.57167526,0.61048039,8.95000702,9.87077518,0.72121212,0.04848485,0.0000000132,NULL
VZS_Q1,C,C5A_Q1,C,136,0.60134295,0.62523780,8.74474618,9.27387586,0.71111111,0.08148148,0.0000009306,NULL
VZS_Q1,C,C5A_Q1,M,136,0.39122217,0.62147219,4.93926910,9.18270126,0.70370370,0.05185185,0.0000022052,NULL
VZS_Q1,M,C5A_Q1,C,136,0.56752184,0.64537255,8.00867330,9.78012919,0.73333333,0.08148148,0.0000000589,NULL
VZS_Q1,M,C5A_Q1,M,136,0.62812566,0.65189927,9.37932007,9.95150236,0.74814815,0.05185185,0.0000000081,NULL
WARC_Q1,M,VEND_Q1,M,104,0.34240265,0.54629306,3.69857391,6.58706811,0.70873786,0.00970874,0.0000226611,NULL
ZLF_Q1,C,CAO_Q1,C,243,0.42987188,0.56087022,7.40648128,10.51698038,0.71900826,0.06611570,0.0000000000,NULL
ZLF_Q1,C,CAO_Q1,M,243,0.21329814,0.55848169,3.39629885,10.45182776,0.71074380,0.05785124,0.0000000001,NULL
ZLF_Q1,M,CAO_Q1,C,243,0.32737993,0.53175205,5.38985640,9.74732650,0.73140496,0.03719008,0.0000000000,NULL
ZLF_Q1,M,CAO_Q1,M,243,0.12056952,0.53723768,1.88940505,9.88838752,0.74793388,0.02066116,0.0000000000,NULL
